CustomerID,ReportedFraud
Cust20907,N
Cust1741,N
Cust37776,N
Cust34470,N
Cust30955,N
Cust9320,Y
Cust31915,N
Cust19729,N
Cust5890,Y
Cust1841,N
Cust3732,Y
Cust28866,N
Cust4706,Y
Cust15462,N
Cust30895,N
Cust3513,Y
Cust14270,Y
Cust24180,N
Cust3892,Y
Cust32485,N
Cust18062,Y
Cust38258,N
Cust8881,N
Cust25981,N
Cust32800,N
Cust27760,N
Cust26404,N
Cust31317,N
Cust35011,Y
Cust23542,N
Cust5450,Y
Cust14043,N
Cust32625,N
Cust12306,Y
Cust24505,N
Cust12494,N
Cust6554,Y
Cust23236,N
Cust27316,N
Cust26883,Y
Cust12456,N
Cust35062,N
Cust28618,N
Cust6255,N
Cust8408,N
Cust33005,N
Cust18578,Y
Cust6120,N
Cust9574,N
Cust7073,Y
Cust28103,N
Cust34286,N
Cust5187,Y
Cust20074,N
Cust35498,N
Cust4332,Y
Cust18980,N
Cust11900,N
Cust16914,N
Cust33674,N
Cust3445,Y
Cust35309,N
Cust11100,N
Cust29671,N
Cust23664,N
Cust27674,N
Cust21083,N
Cust8346,N
Cust7176,Y
Cust29195,N
Cust25296,N
Cust16324,N
Cust14295,Y
Cust12705,N
Cust13852,N
Cust26071,N
Cust15763,N
Cust32565,N
Cust2578,Y
Cust1349,Y
Cust17682,N
Cust21030,N
Cust18444,Y
Cust29610,N
Cust11585,N
Cust38081,Y
Cust9943,N
Cust15082,N
Cust31967,N
Cust37678,N
Cust3475,N
Cust17478,N
Cust1241,Y
Cust21965,N
Cust31283,N
Cust37153,N
Cust20996,N
Cust31707,N
Cust16229,N
Cust1313,N
Cust22179,Y
Cust30785,N
Cust5203,Y
Cust10849,N
Cust26232,N
Cust20557,N
Cust13352,N
Cust35664,N
Cust20245,N
Cust3722,Y
Cust33650,N
Cust11326,N
Cust33230,N
Cust14871,N
Cust15013,N
Cust20329,N
Cust35841,N
Cust12359,N
Cust5818,N
Cust27148,N
Cust27490,N
Cust34811,N
Cust13615,N
Cust28630,N
Cust5889,Y
Cust19692,N
Cust1629,Y
Cust21620,N
Cust22935,N
Cust10242,Y
Cust32993,N
Cust5774,Y
Cust39069,N
Cust10926,N
Cust19656,N
Cust4210,Y
Cust4885,Y
Cust17917,N
Cust15135,N
Cust4680,Y
Cust34335,N
Cust16602,N
Cust27376,N
Cust19128,N
Cust26335,N
Cust26234,N
Cust17969,N
Cust33437,N
Cust34822,N
Cust36247,N
Cust24346,N
Cust31908,N
Cust14176,N
Cust5361,Y
Cust16490,N
Cust9549,Y
Cust7813,Y
Cust27881,N
Cust2835,Y
Cust20791,N
Cust25952,N
Cust6271,N
Cust6791,Y
Cust25343,N
Cust31962,N
Cust36975,N
Cust10496,N
Cust26531,N
Cust8018,Y
Cust4302,Y
Cust14231,Y
Cust7036,Y
Cust14282,Y
Cust17101,N
Cust2590,N
Cust32974,N
Cust4073,Y
Cust34717,N
Cust32573,N
Cust5005,Y
Cust17125,N
Cust16630,N
Cust38469,N
Cust32500,N
Cust16512,Y
Cust9470,Y
Cust11212,N
Cust4183,Y
Cust8250,N
Cust15685,N
Cust30937,N
Cust14661,N
Cust37426,N
Cust30373,Y
Cust31805,N
Cust22176,Y
Cust18173,Y
Cust24271,N
Cust9868,Y
Cust21848,N
Cust21644,N
Cust29685,N
Cust17203,N
Cust16997,N
Cust25277,N
Cust19018,N
Cust3609,Y
Cust10630,N
Cust12021,N
Cust4378,N
Cust10414,N
Cust10650,N
Cust33769,N
Cust20167,N
Cust38262,N
Cust37024,Y
Cust35633,N
Cust32717,N
Cust22424,N
Cust3958,N
Cust27604,N
Cust34082,N
Cust6407,Y
Cust36725,Y
Cust24802,Y
Cust8700,N
Cust15891,Y
Cust34475,N
Cust15442,N
Cust35462,N
Cust13837,N
Cust35158,N
Cust37858,N
Cust3214,Y
Cust29267,N
Cust34732,N
Cust7807,Y
Cust17130,N
Cust8674,N
Cust29648,N
Cust24331,N
Cust37068,N
Cust12891,N
Cust22847,N
Cust35165,N
Cust2912,Y
Cust2201,Y
Cust2207,Y
Cust7369,N
Cust31634,N
Cust18718,Y
Cust11893,N
Cust7815,Y
Cust30505,N
Cust8555,N
Cust8843,N
Cust38853,N
Cust37992,N
Cust38899,Y
Cust29253,N
Cust3016,N
Cust15181,N
Cust23973,N
Cust28957,N
Cust1431,N
Cust15295,N
Cust8741,N
Cust32988,N
Cust20429,N
Cust16387,N
Cust16346,N
Cust19713,N
Cust30812,Y
Cust30718,N
Cust21953,Y
Cust37102,N
Cust24439,N
Cust31037,N
Cust14500,N
Cust23281,N
Cust3596,Y
Cust9376,Y
Cust26081,N
Cust33677,N
Cust33701,N
Cust7543,Y
Cust25324,N
Cust9903,N
Cust36188,N
Cust11869,Y
Cust8422,N
Cust31750,N
Cust17717,N
Cust16862,N
Cust4941,Y
Cust31662,N
Cust27113,Y
Cust5359,Y
Cust8558,N
Cust4692,Y
Cust10772,N
Cust19437,N
Cust27563,N
Cust26490,N
Cust11637,N
Cust18195,N
Cust28036,N
Cust28413,N
Cust30656,N
Cust19569,N
Cust12035,N
Cust38645,N
Cust20674,N
Cust22653,Y
Cust28337,N
Cust8121,N
Cust32369,N
Cust11343,N
Cust13677,N
Cust10241,N
Cust4700,Y
Cust27583,N
Cust3987,Y
Cust16961,N
Cust15977,N
Cust4362,Y
Cust10123,N
Cust11832,Y
Cust4733,Y
Cust22894,Y
Cust3372,Y
Cust31057,N
Cust14886,N
Cust35069,N
Cust19616,N
Cust35445,N
Cust31168,N
Cust8608,N
Cust6787,N
Cust4526,N
Cust21055,N
Cust19874,N
Cust15758,N
Cust6602,Y
Cust30387,N
Cust15207,N
Cust37355,N
Cust31031,N
Cust5044,N
Cust10317,N
Cust3147,Y
Cust21769,N
Cust37292,N
Cust28695,N
Cust16356,N
Cust5641,Y
Cust29711,N
Cust7015,N
Cust36638,N
Cust1110,Y
Cust10084,N
Cust21385,N
Cust15645,N
Cust30988,N
Cust8123,N
Cust34898,N
Cust12938,N
Cust25878,N
Cust6800,Y
Cust2952,Y
Cust8524,N
Cust38158,N
Cust2339,Y
Cust25376,N
Cust2591,Y
Cust23844,N
Cust22899,Y
Cust3031,Y
Cust7947,Y
Cust32677,N
Cust25095,N
Cust15217,N
Cust35095,N
Cust29795,N
Cust39444,N
Cust38898,Y
Cust9471,Y
Cust21877,N
Cust34557,N
Cust11480,N
Cust5906,Y
Cust18955,N
Cust8615,N
Cust34024,N
Cust37169,N
Cust16094,N
Cust39462,N
Cust4704,Y
Cust35051,N
Cust22702,Y
Cust10465,N
Cust23019,N
Cust17943,N
Cust26249,N
Cust9416,Y
Cust28953,N
Cust25758,N
Cust11425,N
Cust31474,N
Cust8527,N
Cust20308,N
Cust27290,N
Cust10358,N
Cust14805,N
Cust28245,N
Cust29568,N
Cust24760,Y
Cust19317,N
Cust19883,N
Cust12266,N
Cust15701,N
Cust35665,N
Cust25240,N
Cust7761,Y
Cust37500,N
Cust5909,N
Cust4134,N
Cust17532,N
Cust24302,Y
Cust30862,N
Cust32741,N
Cust10197,N
Cust17490,N
Cust25267,N
Cust2692,Y
Cust20748,N
Cust2329,Y
Cust17683,N
Cust34604,N
Cust21760,N
Cust18976,N
Cust24446,Y
Cust1465,N
Cust22016,Y
Cust12694,N
Cust23447,N
Cust23089,N
Cust18562,N
Cust26256,N
Cust36243,N
Cust19782,N
Cust5406,Y
Cust4836,Y
Cust34096,N
Cust14197,N
Cust15669,Y
Cust4442,Y
Cust17505,N
Cust22200,Y
Cust14795,N
Cust14726,N
Cust32870,N
Cust28183,N
Cust38436,N
Cust35694,N
Cust9010,N
Cust34172,N
Cust15786,N
Cust15459,Y
Cust10532,N
Cust2662,N
Cust14294,Y
Cust37305,N
Cust27120,N
Cust15849,N
Cust33827,N
Cust31020,N
Cust38121,N
Cust17429,N
Cust14340,Y
Cust5272,Y
Cust12397,N
Cust23059,N
Cust7989,Y
Cust14082,N
Cust27578,N
Cust23895,N
Cust21560,N
Cust12529,N
Cust11625,N
Cust32436,N
Cust18711,N
Cust13869,N
Cust28668,N
Cust36692,N
Cust38498,N
Cust29085,N
Cust8143,N
Cust37959,N
Cust27140,Y
Cust18537,Y
Cust9348,Y
Cust24230,N
Cust1998,N
Cust2655,Y
Cust5441,Y
Cust3439,Y
Cust2548,Y
Cust35750,N
Cust39274,Y
Cust4435,Y
Cust25638,N
Cust21371,N
Cust9311,Y
Cust39011,N
Cust34781,N
Cust18564,Y
Cust25260,N
Cust22091,Y
Cust30398,N
Cust11718,N
Cust31992,N
Cust17469,N
Cust9747,N
Cust7672,Y
Cust29047,Y
Cust23038,N
Cust26559,N
Cust10035,N
Cust17065,N
Cust6977,Y
Cust15255,N
Cust22623,Y
Cust11848,Y
Cust33465,N
Cust7061,Y
Cust19887,N
Cust15547,N
Cust12696,N
Cust21842,N
Cust34387,N
Cust21114,N
Cust33847,N
Cust33024,N
Cust16334,N
Cust11105,N
Cust19283,N
Cust30678,N
Cust25448,N
Cust31935,Y
Cust29254,N
Cust15802,N
Cust36025,N
Cust6856,Y
Cust2994,N
Cust37673,N
Cust24971,N
Cust21017,N
Cust17785,N
Cust5247,N
Cust17732,N
Cust12905,N
Cust26565,N
Cust20045,N
Cust2158,Y
Cust8991,N
Cust31574,N
Cust1638,N
Cust2982,N
Cust3656,Y
Cust20648,Y
Cust14861,N
Cust11629,N
Cust20326,N
Cust29076,N
Cust32308,N
Cust5869,Y
Cust30944,N
Cust28821,N
Cust5279,Y
Cust1730,Y
Cust34136,N
Cust24632,N
Cust18219,Y
Cust19310,Y
Cust26876,N
Cust22753,N
Cust32534,N
Cust8725,N
Cust32313,N
Cust37716,N
Cust14227,Y
Cust3184,Y
Cust33015,N
Cust14581,N
Cust28332,N
Cust6055,Y
Cust2639,Y
Cust20224,N
Cust17077,N
Cust1789,Y
Cust17658,N
Cust10363,N
Cust15277,N
Cust34011,Y
Cust1536,Y
Cust14249,N
Cust35101,N
Cust35672,N
Cust11811,N
Cust3973,Y
Cust12093,N
Cust18765,Y
Cust38795,N
Cust13307,N
Cust6865,N
Cust12631,Y
Cust34068,N
Cust13484,N
Cust15244,Y
Cust19594,N
Cust13143,N
Cust21809,N
Cust10141,N
Cust3201,N
Cust35855,N
Cust24493,N
Cust4242,Y
Cust4891,Y
Cust19173,N
Cust13495,Y
Cust10810,N
Cust21598,N
Cust30770,N
Cust27853,N
Cust7458,Y
Cust5729,Y
Cust6344,N
Cust20649,N
Cust17641,N
Cust7025,N
Cust24876,N
Cust7949,N
Cust26039,N
Cust22494,Y
Cust35487,Y
Cust35895,N
Cust13923,N
Cust36190,N
Cust17919,N
Cust3036,Y
Cust33164,N
Cust21081,N
Cust38732,N
Cust1123,Y
Cust34575,N
Cust5085,Y
Cust9514,N
Cust38003,N
Cust36878,N
Cust1567,N
Cust15292,N
Cust19040,N
Cust18601,Y
Cust35784,N
Cust30033,N
Cust37860,N
Cust16670,N
Cust5132,Y
Cust19895,N
Cust6743,N
Cust1168,N
Cust3017,Y
Cust5479,Y
Cust18712,Y
Cust1144,Y
Cust21217,N
Cust19505,Y
Cust6142,N
Cust8388,N
Cust24092,N
Cust19146,N
Cust12732,N
Cust2740,Y
Cust27691,N
Cust24715,Y
Cust32222,N
Cust18183,Y
Cust6262,N
Cust12316,N
Cust27395,N
Cust20880,N
Cust37287,N
Cust1094,N
Cust24355,N
Cust21202,N
Cust10614,N
Cust6070,Y
Cust13256,N
Cust9187,N
Cust35797,N
Cust19761,N
Cust9769,N
Cust33546,N
Cust24120,Y
Cust11787,Y
Cust12149,N
Cust2062,Y
Cust3808,Y
Cust18363,Y
Cust35098,Y
Cust16436,N
Cust27103,N
Cust35125,N
Cust29731,N
Cust27990,N
Cust2527,Y
Cust18557,Y
Cust37105,N
Cust24424,Y
Cust23333,N
Cust18743,Y
Cust30763,N
Cust36012,N
Cust22877,Y
Cust34458,Y
Cust17060,N
Cust28334,N
Cust13743,N
Cust18211,Y
Cust28644,N
Cust15002,N
Cust22130,N
Cust5400,Y
Cust21601,N
Cust9091,N
Cust28833,N
Cust34115,N
Cust35699,N
Cust26765,N
Cust3131,N
Cust8189,N
Cust25368,N
Cust25868,N
Cust29984,N
Cust12300,N
Cust21351,N
Cust20213,N
Cust13080,Y
Cust16291,N
Cust5094,Y
Cust22198,Y
Cust13964,N
Cust17813,N
Cust14040,N
Cust16405,N
Cust18997,N
Cust10408,Y
Cust38706,N
Cust14919,N
Cust13506,N
Cust39172,N
Cust13199,N
Cust15716,N
Cust26273,N
Cust4933,Y
Cust13383,N
Cust34695,N
Cust25155,N
Cust33373,N
Cust20699,N
Cust32180,N
Cust14343,Y
Cust24241,N
Cust37892,N
Cust32738,N
Cust4610,Y
Cust20150,N
Cust16201,N
Cust27552,N
Cust25126,N
Cust24580,N
Cust5212,Y
Cust15216,N
Cust19720,N
Cust31351,N
Cust27926,N
Cust32996,N
Cust4521,N
Cust14159,N
Cust18286,Y
Cust5813,Y
Cust31822,N
Cust36581,N
Cust24575,N
Cust19382,N
Cust13128,N
Cust37986,N
Cust7618,Y
Cust31635,N
Cust21090,N
Cust11750,N
Cust2173,Y
Cust30475,N
Cust31983,N
Cust25484,Y
Cust30531,N
Cust1375,Y
Cust33260,N
Cust4141,Y
Cust30974,N
Cust21353,N
Cust23650,N
Cust27109,N
Cust11525,N
Cust19144,N
Cust30304,N
Cust18326,Y
Cust17276,N
Cust11647,N
Cust11663,N
Cust25042,N
Cust3863,N
Cust23824,N
Cust33785,N
Cust38094,N
Cust36976,N
Cust22037,Y
Cust6718,Y
Cust37553,N
Cust6449,Y
Cust30369,N
Cust20145,N
Cust9739,N
Cust35678,N
Cust26618,N
Cust23326,N
Cust9617,N
Cust13284,N
Cust1784,N
Cust32113,N
Cust5129,Y
Cust26064,Y
Cust25054,Y
Cust34313,Y
Cust36095,N
Cust17728,Y
Cust30291,N
Cust13989,N
Cust20390,N
Cust22836,Y
Cust28511,Y
Cust37190,N
Cust10590,N
Cust30879,N
Cust17152,N
Cust13240,N
Cust24464,N
Cust29229,N
Cust2995,N
Cust22301,Y
Cust29786,N
Cust10806,N
Cust32863,N
Cust5998,Y
Cust36407,N
Cust35735,N
Cust26067,N
Cust35484,N
Cust6619,Y
Cust1231,N
Cust22646,Y
Cust17666,N
Cust33849,N
Cust36317,N
Cust12645,N
Cust12957,N
Cust30103,N
Cust10669,N
Cust31112,N
Cust19448,N
Cust12312,N
Cust22824,Y
Cust1480,Y
Cust23043,N
Cust7324,N
Cust30712,N
Cust16762,N
Cust1926,N
Cust30625,N
Cust32287,N
Cust7497,N
Cust13014,Y
Cust17145,Y
Cust9208,N
Cust21113,N
Cust8142,N
Cust17435,N
Cust30375,N
Cust37708,N
Cust27389,N
Cust3071,Y
Cust15948,N
Cust4422,N
Cust5477,Y
Cust10933,N
Cust17236,N
Cust39206,N
Cust27029,N
Cust11791,Y
Cust17699,N
Cust1009,N
Cust33438,N
Cust31090,N
Cust5324,Y
Cust5941,Y
Cust25606,N
Cust16941,N
Cust8875,N
Cust25688,Y
Cust16153,N
Cust9845,N
Cust14498,N
Cust17534,N
Cust11945,N
Cust14414,Y
Cust22815,Y
Cust22096,Y
Cust9019,N
Cust27107,N
Cust13944,N
Cust6510,N
Cust33234,N
Cust15345,N
Cust11046,N
Cust26293,N
Cust18863,Y
Cust7816,Y
Cust9524,N
Cust14736,N
Cust19701,N
Cust31834,N
Cust23571,N
Cust7360,N
Cust29639,N
Cust32828,N
Cust27405,N
Cust26357,N
Cust26553,N
Cust12915,N
Cust7973,Y
Cust38278,N
Cust30863,N
Cust22188,Y
Cust28141,N
Cust16507,N
Cust32838,N
Cust17571,N
Cust12241,N
Cust19825,N
Cust32882,N
Cust6749,Y
Cust6986,Y
Cust32410,N
Cust22055,Y
Cust21166,N
Cust17802,N
Cust7132,Y
Cust34985,Y
Cust24083,N
Cust23552,N
Cust32428,N
Cust9619,N
Cust5845,Y
Cust8092,Y
Cust11941,N
Cust12910,N
Cust33740,N
Cust36991,N
Cust12501,N
Cust34170,N
Cust4539,Y
Cust7516,Y
Cust9528,N
Cust38246,N
Cust15839,N
Cust7451,N
Cust38930,N
Cust20080,N
Cust12343,N
Cust14080,Y
Cust10580,N
Cust4869,Y
Cust23817,N
Cust37411,N
Cust12926,N
Cust18559,Y
Cust9335,Y
Cust24883,N
Cust8796,N
Cust26496,N
Cust14520,N
Cust1932,N
Cust12377,N
Cust8205,N
Cust25394,N
Cust12778,N
Cust10180,N
Cust25897,N
Cust18198,Y
Cust35204,N
Cust27021,N
Cust28569,N
Cust10105,N
Cust17975,Y
Cust5581,Y
Cust20527,N
Cust36087,N
Cust10391,N
Cust37701,Y
Cust6379,Y
Cust23856,N
Cust13551,N
Cust8617,N
Cust12378,N
Cust35844,N
Cust32067,N
Cust27117,N
Cust13283,N
Cust6123,Y
Cust30223,N
Cust13535,N
Cust31793,N
Cust21362,N
Cust35997,N
Cust11368,N
Cust33828,Y
Cust2451,Y
Cust14798,Y
Cust11227,N
Cust16781,Y
Cust33729,N
Cust26411,N
Cust27477,N
Cust12465,N
Cust27840,N
Cust18411,N
Cust36546,N
Cust13726,N
Cust2987,Y
Cust22555,Y
Cust6030,Y
Cust31034,N
Cust2791,Y
Cust32952,N
Cust32933,N
Cust4855,Y
Cust12549,N
Cust17419,N
Cust12565,N
Cust27639,N
Cust1487,N
Cust25752,N
Cust29586,N
Cust3157,Y
Cust35137,N
Cust18600,Y
Cust24961,N
Cust8560,N
Cust39219,N
Cust39285,N
Cust28741,N
Cust7888,Y
Cust22705,Y
Cust32948,N
Cust9925,N
Cust30111,N
Cust19470,N
Cust20057,N
Cust15448,N
Cust26317,N
Cust3056,N
Cust10431,N
Cust5264,N
Cust8962,N
Cust26217,N
Cust36016,N
Cust8423,N
Cust27686,N
Cust23100,N
Cust7173,Y
Cust14593,N
Cust12095,Y
Cust27059,N
Cust1121,N
Cust16840,N
Cust35319,N
Cust1753,N
Cust27622,N
Cust20553,Y
Cust15738,N
Cust30953,N
Cust37143,N
Cust13665,N
Cust7596,Y
Cust5961,N
Cust18306,Y
Cust8323,N
Cust27141,N
Cust22764,Y
Cust30357,N
Cust13709,N
Cust12091,N
Cust35187,N
Cust35478,N
Cust31705,N
Cust29244,N
Cust21722,N
Cust35553,N
Cust14987,N
Cust20380,N
Cust3816,Y
Cust38076,N
Cust26296,Y
Cust36341,N
Cust25755,N
Cust36367,N
Cust38759,N
Cust9982,N
Cust14536,N
Cust35891,N
Cust31148,N
Cust14606,N
Cust4652,Y
Cust31338,N
Cust21947,Y
Cust35429,N
Cust23764,N
Cust11151,N
Cust27157,N
Cust33953,N
Cust20976,N
Cust18267,Y
Cust26449,N
Cust35162,N
Cust11744,N
Cust19415,N
Cust22388,Y
Cust32182,N
Cust32212,N
Cust15168,N
Cust1197,N
Cust15046,N
Cust21550,N
Cust21753,N
Cust17321,N
Cust8136,N
Cust33228,N
Cust21254,N
Cust17298,N
Cust23662,N
Cust30530,N
Cust2242,Y
Cust6416,Y
Cust36009,N
Cust31831,N
Cust24855,N
Cust31440,N
Cust19845,N
Cust13634,N
Cust28539,N
Cust23566,Y
Cust36227,N
Cust36006,N
Cust11379,N
Cust27720,N
Cust10607,N
Cust22244,N
Cust21876,N
Cust6337,Y
Cust36085,N
Cust8905,N
Cust7446,Y
Cust13553,N
Cust16568,N
Cust1554,N
Cust18633,Y
Cust32997,N
Cust4096,Y
Cust9180,N
Cust36474,N
Cust9287,Y
Cust34078,N
Cust9144,N
Cust29712,N
Cust6499,N
Cust25873,N
Cust4264,Y
Cust18563,N
Cust19973,N
Cust30987,N
Cust38392,N
Cust6933,Y
Cust33339,N
Cust32045,N
Cust26341,N
Cust6240,Y
Cust34746,N
Cust23812,N
Cust15551,N
Cust20617,N
Cust10857,N
Cust15174,N
Cust6046,Y
Cust20655,N
Cust18893,Y
Cust15165,N
Cust31491,N
Cust35598,N
Cust9582,N
Cust3433,Y
Cust34747,N
Cust33595,N
Cust25874,N
Cust14909,N
Cust13688,N
Cust14615,N
Cust28889,N
Cust34296,N
Cust10121,N
Cust20716,Y
Cust27848,Y
Cust28858,N
Cust16181,N
Cust32527,N
Cust1014,N
Cust2358,Y
Cust23257,N
Cust4360,Y
Cust20679,N
Cust28873,N
Cust27147,N
Cust9446,Y
Cust23541,N
Cust24638,Y
Cust1886,N
Cust28041,N
Cust38021,N
Cust4549,N
Cust26187,N
Cust30134,N
Cust15944,N
Cust38590,N
Cust4609,Y
Cust12619,Y
Cust8350,N
Cust39363,N
Cust3593,Y
Cust25108,N
Cust33232,N
Cust3913,Y
Cust19013,N
Cust12328,N
Cust12139,N
Cust30762,N
Cust34519,N
Cust10600,N
Cust8490,N
Cust23949,N
Cust32089,N
Cust15941,N
Cust18458,Y
Cust14246,Y
Cust33512,N
Cust4991,N
Cust6637,Y
Cust15051,N
Cust23682,N
Cust5820,Y
Cust38175,N
Cust3125,Y
Cust6018,Y
Cust31777,N
Cust10054,N
Cust32624,Y
Cust3972,Y
Cust14653,N
Cust35628,N
Cust24640,N
Cust12391,N
Cust11634,N
Cust25369,N
Cust8014,Y
Cust15129,Y
Cust29218,N
Cust19461,Y
Cust24277,N
Cust38931,N
Cust31800,N
Cust6911,Y
Cust33257,N
Cust16074,N
Cust5831,N
Cust39188,N
Cust30677,N
Cust9314,Y
Cust11766,Y
Cust33445,N
Cust16208,N
Cust17829,N
Cust16409,N
Cust11582,N
Cust28349,Y
Cust36005,N
Cust23234,N
Cust11538,N
Cust33984,N
Cust36932,N
Cust13476,N
Cust35387,Y
Cust25590,N
Cust14115,N
Cust35572,N
Cust30541,N
Cust32463,N
Cust1894,N
Cust18301,Y
Cust11844,Y
Cust23772,N
Cust37025,Y
Cust6211,Y
Cust13806,N
Cust28940,N
Cust25391,N
Cust2311,N
Cust2123,Y
Cust21802,N
Cust6712,Y
Cust5759,N
Cust13172,N
Cust9240,N
Cust16438,N
Cust30549,N
Cust18513,Y
Cust23284,N
Cust33662,N
Cust29180,N
Cust29367,N
Cust28401,N
Cust1917,N
Cust24749,N
Cust8455,N
Cust14696,N
Cust23124,N
Cust25705,N
Cust26351,N
Cust24488,N
Cust7643,Y
Cust26738,N
Cust22370,N
Cust21297,N
Cust35755,N
Cust30324,N
Cust21411,N
Cust5337,Y
Cust1317,N
Cust25041,N
Cust15661,N
Cust14483,N
Cust32757,N
Cust10662,N
Cust28527,N
Cust19212,N
Cust28665,Y
Cust12896,N
Cust20516,N
Cust11261,N
Cust13367,Y
Cust39280,N
Cust36426,N
Cust13366,N
Cust34006,N
Cust15423,N
Cust3715,Y
Cust12713,N
Cust36910,N
Cust14044,N
Cust19328,N
Cust34045,N
Cust39182,N
Cust10853,N
Cust38314,N
Cust15145,N
Cust19321,N
Cust34925,Y
Cust33198,N
Cust14489,N
Cust27723,N
Cust14666,N
Cust36259,N
Cust13302,N
Cust26313,Y
Cust17410,N
Cust10948,N
Cust38437,N
Cust28156,N
Cust29509,N
Cust28704,N
Cust14433,Y
Cust39248,N
Cust10767,N
Cust39473,N
Cust35658,N
Cust31493,N
Cust32457,N
Cust13056,Y
Cust12459,N
Cust6703,Y
Cust26594,N
Cust28770,N
Cust32290,N
Cust18335,N
Cust33333,N
Cust8010,Y
Cust34178,N
Cust5101,Y
Cust5875,Y
Cust36749,N
Cust24631,N
Cust20959,N
Cust12438,N
Cust29057,Y
Cust36219,N
Cust12588,N
Cust22062,Y
Cust11444,N
Cust3211,Y
Cust26677,N
Cust18007,Y
Cust25083,N
Cust5111,Y
Cust24118,N
Cust29176,N
Cust31852,N
Cust30824,N
Cust17414,N
Cust21149,N
Cust15198,N
Cust13840,N
Cust17792,N
Cust25450,N
Cust27257,N
Cust39302,N
Cust24617,N
Cust23343,N
Cust32416,N
Cust22382,Y
Cust19655,N
Cust15852,N
Cust37350,N
Cust18855,Y
Cust9802,N
Cust16281,N
Cust1640,N
Cust28844,N
Cust21061,N
Cust29070,N
Cust21819,N
Cust4397,Y
Cust19934,N
Cust26538,N
Cust4008,Y
Cust14180,N
Cust31415,N
Cust8394,N
Cust32887,N
Cust15382,N
Cust22013,N
Cust34146,Y
Cust20382,N
Cust9570,N
Cust22003,Y
Cust24953,N
Cust21173,N
Cust6773,Y
Cust17354,N
Cust13318,N
Cust10639,N
Cust24368,N
Cust23255,N
Cust9765,N
Cust22628,Y
Cust2949,Y
Cust21161,N
Cust32583,N
Cust7548,Y
Cust17169,N
Cust1860,N
Cust12119,N
Cust28757,N
Cust25470,N
Cust6043,Y
Cust3008,Y
Cust6943,Y
Cust30562,N
Cust21001,N
Cust15926,Y
Cust15074,N
Cust18109,Y
Cust15496,N
Cust21523,N
Cust7047,N
Cust20804,N
Cust9140,N
Cust31916,N
Cust38481,N
Cust39295,N
Cust26481,N
Cust8232,N
Cust29857,N
Cust36092,Y
Cust32129,N
Cust5614,Y
Cust14803,N
Cust29674,N
Cust6541,Y
Cust23433,N
Cust15383,N
Cust2986,Y
Cust8414,N
Cust13703,N
Cust4581,Y
Cust6012,N
Cust19174,N
Cust23330,N
Cust14355,Y
Cust32236,N
Cust23988,N
Cust12394,N
Cust12061,N
Cust27974,N
Cust20029,N
Cust37340,N
Cust8129,N
Cust22909,Y
Cust7130,Y
Cust26158,N
Cust6599,Y
Cust37966,N
Cust35074,N
Cust10880,N
Cust10072,N
Cust8398,N
Cust33713,N
Cust1601,Y
Cust29972,N
Cust17038,N
Cust14261,N
Cust20661,N
Cust14168,N
Cust31455,N
Cust29387,N
Cust26574,N
Cust26850,N
Cust14075,N
Cust1089,N
Cust1093,N
Cust27455,N
Cust17858,N
Cust22144,Y
Cust27016,N
Cust26202,N
Cust32648,N
Cust17828,N
Cust3906,N
Cust26693,N
Cust28558,N
Cust22121,Y
Cust29541,N
Cust4753,Y
Cust10144,N
Cust38157,N
Cust33483,N
Cust29280,N
Cust19954,N
Cust24681,Y
Cust6612,Y
Cust21660,N
Cust36821,N
Cust30295,N
Cust2273,Y
Cust37087,N
Cust19058,N
Cust20087,N
Cust17466,N
Cust18223,Y
Cust38564,N
Cust34442,N
Cust29908,N
Cust15700,N
Cust29683,N
Cust22373,N
Cust27710,Y
Cust12673,N
Cust27668,Y
Cust20853,Y
Cust23694,N
Cust13050,Y
Cust34741,N
Cust24250,N
Cust4072,Y
Cust15563,Y
Cust28601,N
Cust37616,N
Cust7135,N
Cust39410,N
Cust6719,Y
Cust27751,N
Cust38712,N
Cust11052,N
Cust23241,N
Cust18348,Y
Cust36151,N
Cust23914,N
Cust18270,Y
Cust39465,Y
Cust16240,N
Cust19096,N
Cust15325,N
Cust36980,N
Cust11479,N
Cust3210,N
Cust18047,Y
Cust8144,Y
Cust5298,N
Cust35531,N
Cust5392,Y
Cust36079,N
Cust30545,N
Cust2240,Y
Cust1441,N
Cust31510,N
Cust9142,N
Cust9719,N
Cust22011,Y
Cust28710,Y
Cust12184,N
Cust7393,Y
Cust32619,N
Cust31940,N
Cust2396,Y
Cust17269,N
Cust26807,N
Cust20660,N
Cust16477,N
Cust15750,N
Cust16500,N
Cust16212,N
Cust22035,Y
Cust8952,N
Cust29779,N
Cust27469,N
Cust10409,Y
Cust36500,N
Cust37475,N
Cust33874,N
Cust11279,N
Cust33607,N
Cust21256,N
Cust4270,N
Cust37037,N
Cust18253,Y
Cust11513,N
Cust26348,N
Cust29359,N
Cust30203,N
Cust19976,N
Cust3343,Y
Cust10167,N
Cust7839,Y
Cust13671,N
Cust32469,N
Cust15477,N
Cust36104,N
Cust9972,Y
Cust33064,N
Cust16919,N
Cust9564,N
Cust24644,N
Cust23535,N
Cust35300,N
Cust8857,N
Cust5808,Y
Cust23359,N
Cust2974,Y
Cust36343,N
Cust36455,N
Cust1912,N
Cust16011,N
Cust30180,N
Cust24105,Y
Cust10841,N
Cust11241,N
Cust8758,N
Cust30837,N
Cust10292,N
Cust4476,Y
Cust19728,N
Cust38722,N
Cust29726,N
Cust3570,Y
Cust4541,Y
Cust10057,N
Cust34827,N
Cust11914,N
Cust8957,N
Cust33613,Y
Cust17151,N
Cust9189,N
Cust3767,Y
Cust36232,Y
Cust1582,Y
Cust27913,Y
Cust29891,N
Cust28929,N
Cust2849,Y
Cust11931,N
Cust11150,N
Cust13737,N
Cust39437,N
Cust5792,Y
Cust11623,N
Cust39332,N
Cust9988,N
Cust38901,Y
Cust1752,N
Cust19284,N
Cust28044,N
Cust22747,Y
Cust6381,Y
Cust33841,N
Cust30779,N
Cust9310,Y
Cust29570,N
Cust8711,N
Cust4510,Y
Cust16110,N
Cust30742,N
Cust10447,N
Cust8983,N
Cust36737,N
Cust30078,N
Cust19322,N
Cust8609,N
Cust29413,N
Cust20569,N
Cust37620,N
Cust9669,N
Cust20041,N
Cust14382,Y
Cust17155,N
Cust15776,N
Cust4794,Y
Cust19048,N
Cust6810,N
Cust32982,N
Cust17025,N
Cust1126,N
Cust11503,N
Cust4489,N
Cust18365,N
Cust17681,N
Cust24517,N
Cust5720,N
Cust39064,N
Cust28388,N
Cust27623,N
Cust5385,Y
Cust15882,N
Cust24171,N
Cust8138,N
Cust22444,Y
Cust2910,Y
Cust31266,N
Cust31544,N
Cust29143,N
Cust8324,N
Cust13046,Y
Cust23361,N
Cust21723,N
Cust3693,N
Cust39415,N
Cust13213,N
Cust29667,N
Cust19684,N
Cust17402,N
Cust15133,N
Cust9930,N
Cust6312,Y
Cust11403,N
Cust39361,N
Cust22961,N
Cust13112,N
Cust2465,N
Cust29228,N
Cust17616,N
Cust23352,N
Cust29800,Y
Cust24057,N
Cust35375,N
Cust31289,N
Cust17368,N
Cust16977,N
Cust17973,Y
Cust11360,N
Cust18802,Y
Cust24677,N
Cust1351,N
Cust4969,Y
Cust4998,Y
Cust3421,Y
Cust1509,N
Cust35627,N
Cust12174,N
Cust4723,Y
Cust34555,N
Cust18202,N
Cust5772,Y
Cust28389,Y
Cust26333,N
Cust33574,N
Cust28383,N
Cust12572,N
Cust8365,N
Cust37679,N
Cust14435,N
Cust21396,N
Cust31371,Y
Cust15392,N
Cust19224,N
Cust6406,Y
Cust20862,N
Cust2737,Y
Cust18045,Y
Cust8783,N
Cust2261,Y
Cust31124,N
Cust32250,N
Cust24065,N
Cust21524,N
Cust15712,N
Cust23190,N
Cust22380,N
Cust8267,N
Cust9555,N
Cust4943,Y
Cust30093,N
Cust1100,N
Cust8778,N
Cust12618,N
Cust11971,N
Cust12718,N
Cust26919,N
Cust29469,N
Cust3661,Y
Cust5828,Y
Cust37366,N
Cust20988,N
Cust5853,N
Cust7631,Y
Cust26904,N
Cust9480,N
Cust35203,N
Cust29432,N
Cust35999,N
Cust10017,N
Cust9894,N
Cust34728,N
Cust3856,Y
Cust22217,Y
Cust12375,N
Cust38450,N
Cust29477,N
Cust23075,N
Cust35066,N
Cust12407,N
Cust13321,N
Cust37643,N
Cust19833,N
Cust20729,N
Cust19427,N
Cust22186,Y
Cust6404,Y
Cust9400,Y
Cust13554,N
Cust2707,N
Cust35346,N
Cust10400,N
Cust29764,N
Cust26888,N
Cust15361,N
Cust24174,N
Cust25850,N
Cust16135,N
Cust35663,N
Cust13189,N
Cust33579,N
Cust8809,N
Cust26871,N
Cust13894,N
Cust12782,N
Cust15521,N
Cust13448,N
Cust23997,N
Cust30366,N
Cust6292,N
Cust10030,N
Cust4416,N
Cust20196,N
Cust7843,N
Cust36271,Y
Cust1893,N
Cust6460,Y
Cust19999,Y
Cust16707,N
Cust25213,N
Cust6047,Y
Cust35027,N
Cust22797,Y
Cust38920,Y
Cust12325,N
Cust12558,N
Cust38744,N
Cust11910,N
Cust12213,N
Cust25429,N
Cust27738,N
Cust7890,Y
Cust17301,N
Cust1181,N
Cust3117,Y
Cust14445,N
Cust26298,N
Cust16771,N
Cust5057,N
Cust3281,Y
Cust20129,N
Cust23410,N
Cust27891,N
Cust36880,N
Cust22735,Y
Cust1637,N
Cust37592,N
Cust31211,N
Cust16537,N
Cust11609,N
Cust4055,Y
Cust33793,N
Cust22886,Y
Cust25347,N
Cust1888,N
Cust18279,Y
Cust11338,N
Cust20107,N
Cust15536,N
Cust34661,N
Cust22716,Y
Cust7996,N
Cust31064,N
Cust2585,Y
Cust32542,N
Cust10467,N
Cust36491,N
Cust19085,N
Cust29519,N
Cust17991,Y
Cust3277,Y
Cust10908,N
Cust34459,N
Cust32491,N
Cust2374,Y
Cust28300,N
Cust33843,N
Cust13381,N
Cust14535,N
Cust39404,N
Cust30173,N
Cust36183,N
Cust5668,Y
Cust23964,N
Cust20593,N
Cust1307,Y
Cust13136,N
Cust22790,Y
Cust4376,N
Cust3581,Y
Cust29829,Y
Cust25808,N
Cust8649,N
Cust5452,Y
Cust2789,Y
Cust27319,N
Cust3182,Y
Cust14100,N
Cust9846,Y
Cust16350,N
Cust5438,N
Cust37101,N
Cust18441,Y
Cust37459,N
Cust37566,N
Cust11277,N
Cust25770,N
Cust11887,Y
Cust16942,N
Cust11689,N
Cust28515,N
Cust35014,N
Cust34370,N
Cust32189,N
Cust27313,N
Cust39350,N
Cust4994,Y
Cust35562,N
Cust11120,N
Cust8399,N
Cust20562,N
Cust32814,N
Cust22051,Y
Cust33490,N
Cust11859,Y
Cust26621,N
Cust19281,N
Cust20897,N
Cust2382,Y
Cust31293,N
Cust14007,N
Cust34733,N
Cust3705,Y
Cust36908,N
Cust37150,N
Cust39312,N
Cust24325,N
Cust21402,Y
Cust21982,Y
Cust8629,N
Cust17214,N
Cust3804,Y
Cust37965,N
Cust33391,N
Cust15126,N
Cust31930,Y
Cust16467,N
Cust9491,Y
Cust26744,N
Cust4159,Y
Cust28167,N
Cust2319,Y
Cust35926,N
Cust9775,Y
Cust5547,Y
Cust24426,N
Cust13081,N
Cust3878,Y
Cust3491,Y
Cust9118,N
Cust37978,N
Cust7574,Y
Cust16349,N
Cust19533,N
Cust21137,N
Cust19362,N
Cust18018,Y
Cust7903,Y
Cust36820,N
Cust14441,N
Cust4307,N
Cust35458,N
Cust36331,N
Cust34648,N
Cust36916,N
Cust22267,Y
Cust3604,Y
Cust3084,Y
Cust20197,N
Cust28120,N
Cust4963,Y
Cust37164,N
Cust3486,Y
Cust1749,N
Cust29241,N
Cust35719,N
Cust4154,Y
Cust15091,N
Cust13561,N
Cust34291,Y
Cust9550,N
Cust30215,N
Cust10012,Y
Cust24838,N
Cust19406,N
Cust18077,Y
Cust3900,N
Cust4967,Y
Cust14309,Y
Cust17577,N
Cust34694,N
Cust17656,N
Cust35951,N
Cust28244,N
Cust35961,N
Cust6106,N
Cust21546,N
Cust12264,N
Cust37171,Y
Cust3515,N
Cust12477,N
Cust14978,N
Cust3235,Y
Cust16690,N
Cust2565,Y
Cust1713,Y
Cust38554,N
Cust35035,N
Cust6758,Y
Cust11186,N
Cust13778,N
Cust25919,N
Cust35292,N
Cust2738,Y
Cust11720,N
Cust8752,N
Cust35195,N
Cust10530,Y
Cust27050,N
Cust38581,N
Cust5083,Y
Cust5070,Y
Cust16620,N
Cust1961,N
Cust39078,N
Cust16534,N
Cust11428,N
Cust5025,Y
Cust19377,N
Cust36795,N
Cust9776,N
Cust14724,N
Cust27393,N
Cust20356,Y
Cust16133,N
Cust21948,Y
Cust11605,N
Cust27475,N
Cust27924,N
Cust31350,N
Cust15148,Y
Cust29140,N
Cust32183,N
Cust9607,N
Cust2905,N
Cust22891,Y
Cust34955,N
Cust36217,N
Cust28567,N
Cust4082,Y
Cust31711,N
Cust18957,N
Cust32434,N
Cust29672,N
Cust11317,N
Cust11861,Y
Cust23610,N
Cust1038,N
Cust9150,N
Cust35655,N
Cust29024,Y
Cust30743,Y
Cust23677,N
Cust28498,N
Cust18924,N
Cust14213,Y
Cust11789,Y
Cust28111,N
Cust21852,N
Cust36108,N
Cust36931,Y
Cust26504,Y
Cust27007,N
Cust21337,N
Cust39286,N
Cust19693,N
Cust33648,N
Cust3888,N
Cust14036,N
Cust32911,N
Cust21652,N
Cust27149,N
Cust21343,N
Cust27910,N
Cust2066,Y
Cust7572,Y
Cust22992,N
Cust9405,N
Cust22159,Y
Cust25537,N
Cust24433,N
Cust37064,N
Cust2636,Y
Cust10001,Y
Cust17501,N
Cust19590,N
Cust28742,N
Cust20584,N
Cust11759,Y
Cust20205,N
Cust8063,N
Cust9659,Y
Cust25120,N
Cust17938,N
Cust22869,Y
Cust23547,N
Cust6641,Y
Cust38677,N
Cust12104,N
Cust4777,Y
Cust18808,Y
Cust22748,Y
Cust1424,N
Cust22945,N
Cust29478,N
Cust2687,Y
Cust33539,N
Cust12674,N
Cust10997,Y
Cust17067,Y
Cust18583,Y
Cust31597,N
Cust33937,N
Cust10434,N
Cust5973,Y
Cust3799,Y
Cust7428,Y
Cust30972,N
Cust37560,N
Cust22544,Y
Cust8886,N
Cust34199,N
Cust16057,N
Cust19435,N
Cust11446,N
Cust36827,Y
Cust38156,N
Cust31282,N
Cust9663,N
Cust36939,N
Cust29718,Y
Cust12151,N
Cust30171,N
Cust4801,Y
Cust37806,N
Cust21651,N
Cust26630,N
Cust8184,N
Cust17215,N
Cust2244,Y
Cust8932,N
Cust18447,Y
Cust26283,N
Cust6239,Y
Cust25582,N
Cust4456,N
Cust17207,N
Cust10642,N
Cust22683,Y
Cust9960,N
Cust23392,N
Cust13612,N
Cust34918,N
Cust24935,N
Cust19303,N
Cust27692,N
Cust33022,N
Cust5348,Y
Cust19254,N
Cust38399,N
Cust5297,Y
Cust7870,Y
Cust28903,N
Cust12130,N
Cust17175,N
Cust34959,N
Cust16644,N
Cust17424,N
Cust12121,N
Cust27815,N
Cust25488,N
Cust9944,N
Cust38951,N
Cust31253,N
Cust29064,N
Cust3712,Y
Cust5953,N
Cust32438,N
Cust36808,N
Cust3996,Y
Cust30876,N
Cust38279,N
Cust21518,N
Cust23803,N
Cust10142,N
Cust38194,N
Cust22890,Y
Cust18471,Y
Cust25749,N
Cust10078,N
Cust31855,N
Cust7539,Y
Cust25862,N
Cust4071,Y
Cust36862,N
Cust19940,N
Cust32298,N
Cust37189,N
Cust16198,N
Cust23900,N
Cust5486,Y
Cust33341,N
Cust3628,Y
Cust14607,N
Cust5241,N
Cust38284,N
Cust27709,N
Cust14700,N
Cust16861,N
Cust24078,N
Cust4126,Y
Cust10146,N
Cust20120,Y
Cust11297,N
Cust24531,N
Cust31607,N
Cust24723,N
Cust21966,N
Cust27596,N
Cust3582,Y
Cust28434,N
Cust17603,N
Cust7112,Y
Cust3874,Y
Cust34038,N
Cust3306,Y
Cust26288,N
Cust30596,Y
Cust6513,Y
Cust20368,N
Cust32480,N
Cust15062,N
Cust18242,N
Cust8955,N
Cust30478,N
Cust38876,N
Cust36454,N
Cust16617,N
Cust25326,N
Cust13797,Y
Cust12589,N
Cust14658,N
Cust19823,N
Cust38683,N
Cust16257,N
Cust37104,N
Cust10562,N
Cust20288,N
Cust21808,N
Cust5230,Y
Cust26023,N
Cust1795,N
Cust17958,Y
Cust11959,N
Cust33034,Y
Cust23421,N
Cust3782,Y
Cust29694,N
Cust20854,Y
Cust2000,N
Cust18034,Y
Cust8005,Y
Cust7172,Y
Cust17098,N
Cust4418,Y
Cust37055,N
Cust4957,Y
Cust8059,N
Cust37431,N
Cust2752,Y
Cust36053,N
Cust3606,Y
Cust14145,N
Cust31251,N
Cust32860,N
Cust26177,N
Cust14550,N
Cust12489,N
Cust38459,N
Cust13728,N
Cust22248,N
Cust39237,N
Cust7251,Y
Cust2162,Y
Cust24108,N
Cust35277,Y
Cust35759,N
Cust34445,N
Cust28114,N
Cust7397,N
Cust14330,Y
Cust19484,N
Cust10632,N
Cust25834,N
Cust2470,Y
Cust20464,N
Cust5851,N
Cust33099,N
Cust30783,N
Cust16408,N
Cust36819,N
Cust34797,N
Cust37938,N
Cust19922,N
Cust29154,N
Cust6901,N
Cust24579,N
Cust2659,Y
Cust18320,Y
Cust32001,N
Cust1240,N
Cust4201,Y
Cust36396,N
Cust22533,Y
Cust10260,N
Cust2801,Y
Cust38644,N
Cust13769,N
Cust35674,N
Cust10189,N
Cust17795,N
Cust25793,N
Cust34920,N
Cust19813,N
Cust29022,N
Cust9336,Y
Cust26965,N
Cust17289,N
Cust32617,N
Cust7609,Y
Cust38185,N
Cust4580,N
Cust7708,N
Cust10323,N
Cust34302,N
Cust2664,Y
Cust18959,Y
Cust14253,N
Cust9369,Y
Cust4954,Y
Cust29344,N
Cust30238,N
Cust15336,N
Cust17588,N
Cust34687,N
Cust17542,N
Cust18056,Y
Cust20317,N
Cust34926,N
Cust12474,N
Cust29088,N
Cust31366,N
Cust17679,N
Cust7594,Y
Cust19025,N
Cust19864,N
Cust4834,Y
Cust20595,N
Cust3206,N
Cust30540,N
Cust18085,N
Cust6577,Y
Cust30481,N
Cust31007,N
Cust18114,Y
Cust11474,N
Cust10419,N
Cust21999,Y
Cust7043,Y
Cust23402,N
Cust3064,Y
Cust35591,N
Cust36423,N
Cust36857,N
Cust9519,N
Cust4916,Y
Cust32059,N
Cust22285,Y
Cust21361,N
Cust39434,N
Cust8670,N
Cust11799,Y
Cust19862,N
Cust24159,N
Cust21865,N
Cust38249,N
Cust8518,N
Cust18039,Y
Cust18519,N
Cust24556,N
Cust20168,N
Cust34139,N
Cust8746,N
Cust20175,N
Cust37939,N
Cust29232,N
Cust27922,N
Cust16960,N
Cust25242,N
Cust18813,N
Cust19242,Y
Cust14852,N
Cust5561,Y
Cust26916,N
Cust31379,N
Cust13173,N
Cust26673,N
Cust26733,N
Cust18582,Y
Cust10509,N
Cust5248,Y
Cust24717,N
Cust35928,N
Cust9186,N
Cust29784,N
Cust10547,N
Cust12754,N
Cust20428,N
Cust32084,N
Cust35687,N
Cust22225,Y
Cust16940,N
Cust30483,N
Cust15772,N
Cust6147,Y
Cust2543,Y
Cust15721,N
Cust12432,N
Cust21793,N
Cust20702,N
Cust33918,N
Cust9565,N
Cust17054,N
Cust16738,Y
Cust12373,N
Cust14786,N
Cust30905,N
Cust24062,N
Cust26852,N
Cust37719,N
Cust37314,N
Cust11182,N
Cust2780,Y
Cust1857,N
Cust31010,N
Cust27183,N
Cust35522,Y
Cust28626,N
Cust2609,Y
Cust23114,N
Cust19905,N
Cust5304,Y
Cust33920,N
Cust19540,N
Cust38686,N
Cust35789,N
Cust34330,N
Cust10975,N
Cust36064,N
Cust4209,Y
Cust17758,N
Cust10229,N
Cust23018,N
Cust14640,N
Cust33742,N
Cust15011,N
Cust23645,N
Cust8543,N
Cust24125,N
Cust4445,Y
Cust17757,N
Cust7133,Y
Cust2080,Y
Cust33475,N
Cust10335,N
Cust11802,Y
Cust8520,N
Cust20272,N
Cust36176,N
Cust34893,N
Cust22473,Y
Cust22770,Y
Cust9014,N
Cust3180,Y
Cust22695,Y
Cust32885,N
Cust14790,N
Cust33652,N
Cust1208,N
Cust15119,N
Cust14623,N
Cust19345,N
Cust34481,N
Cust34656,N
Cust32282,N
Cust33456,N
Cust16458,N
Cust20961,N
Cust19434,N
Cust10739,N
Cust26691,N
Cust26325,N
Cust7053,Y
Cust32498,N
Cust1698,Y
Cust30750,N
Cust19132,N
Cust20083,N
Cust31869,N
Cust18541,Y
Cust33439,N
Cust36171,N
Cust14436,N
Cust17628,N
Cust24468,N
Cust34982,N
Cust32901,N
Cust28107,N
Cust13669,N
Cust6302,Y
Cust3639,Y
Cust26947,N
Cust17547,N
Cust2185,Y
Cust22994,N
Cust20472,N
Cust18510,N
Cust1310,N
Cust24300,N
Cust36879,N
Cust3940,Y
Cust37693,N
Cust27212,Y
Cust22960,N
Cust25479,N
Cust11524,N
Cust28732,N
Cust7782,Y
Cust37205,N
Cust29677,N
Cust20570,N
Cust34350,N
Cust18317,N
Cust27452,N
Cust15585,N
Cust24690,Y
Cust11169,N
Cust5913,N
Cust33390,N
Cust37527,N
Cust35065,N
Cust25593,N
Cust11098,N
Cust30843,N
Cust25176,N
Cust5660,Y
Cust21862,Y
Cust30906,N
Cust27369,N
Cust29425,Y
Cust2545,Y
Cust29917,N
Cust21919,N
Cust37119,N
Cust7101,Y
Cust28132,N
Cust2571,Y
Cust12291,N
Cust7039,Y
Cust11095,N
Cust32047,N
Cust33408,N
Cust25248,N
Cust32525,N
Cust22337,Y
Cust9651,N
Cust36672,N
Cust38783,N
Cust37369,Y
Cust5940,Y
Cust35270,N
Cust7776,Y
Cust36266,N
Cust32076,N
Cust24981,N
Cust16988,N
Cust21280,N
Cust10191,N
Cust29334,N
Cust27192,Y
Cust14691,N
Cust21410,N
Cust9630,Y
Cust6525,Y
Cust26408,Y
Cust34905,N
Cust33762,N
Cust23335,N
Cust1457,N
Cust3660,N
Cust18197,N
Cust29113,N
Cust11345,N
Cust6565,Y
Cust7585,Y
Cust2211,Y
Cust13454,N
Cust15260,N
Cust35029,N
Cust19643,N
Cust16543,N
Cust33773,N
Cust23642,N
Cust27752,N
Cust30717,N
Cust1165,N
Cust5739,Y
Cust19689,N
Cust6891,Y
Cust30923,Y
Cust10178,N
Cust39447,N
Cust29931,Y
Cust9258,N
Cust19369,N
Cust22674,Y
Cust8037,Y
Cust22888,Y
Cust15108,N
Cust20259,N
Cust3759,Y
Cust20183,N
Cust38922,Y
Cust35396,N
Cust16553,N
Cust15961,N
Cust37223,N
Cust4776,Y
Cust33666,N
Cust4142,Y
Cust39288,N
Cust36356,N
Cust28450,N
Cust36941,N
Cust31411,N
Cust38363,N
Cust22955,N
Cust31151,N
Cust26228,N
Cust29668,N
Cust1898,N
Cust30076,N
Cust7614,Y
Cust17244,Y
Cust4054,N
Cust13245,N
Cust4139,Y
Cust6104,N
Cust10903,N
Cust11882,N
Cust8937,N
Cust2785,N
Cust1120,N
Cust7302,Y
Cust29530,N
Cust14415,Y
Cust36655,N
Cust18402,Y
Cust3700,Y
Cust22239,Y
Cust20193,N
Cust25880,N
Cust33738,N
Cust24696,Y
Cust19151,N
Cust23475,N
Cust37385,N
Cust36913,N
Cust12277,N
Cust22737,Y
Cust14582,N
Cust23058,N
Cust37216,N
Cust22928,N
Cust32723,N
Cust24740,N
Cust21196,N
Cust31276,N
Cust27842,N
Cust7806,Y
Cust34590,N
Cust10326,N
Cust9431,Y
Cust35523,N
Cust22594,Y
Cust32141,N
Cust16310,N
Cust4831,Y
Cust26372,N
Cust21445,N
Cust6279,Y
Cust20522,N
Cust3173,Y
Cust38145,N
Cust14224,Y
Cust37222,N
Cust25085,N
Cust24926,N
Cust4393,Y
Cust33327,N
Cust28968,N
Cust1190,N
Cust31927,N
Cust1756,N
Cust22541,Y
Cust7967,Y
Cust23334,N
Cust6546,N
Cust29402,N
Cust23524,N
Cust5069,Y
Cust21480,N
Cust2998,Y
Cust37202,N
Cust25449,N
Cust23435,N
Cust22193,Y
Cust31189,N
Cust30272,N
Cust8006,Y
Cust27479,N
Cust19352,Y
Cust18536,Y
Cust33921,N
Cust31801,N
Cust35494,N
Cust28617,N
Cust23954,N
Cust27195,N
Cust3615,Y
Cust31389,N
Cust22367,Y
Cust24895,N
Cust13345,N
Cust1690,Y
Cust10460,N
Cust9057,N
Cust5047,Y
Cust36934,N
Cust16656,N
Cust33757,N
Cust20934,N
Cust8478,N
Cust25433,N
Cust4599,Y
Cust6243,Y
Cust35963,N
Cust2328,Y
Cust4908,N
Cust21373,N
Cust11734,N
Cust11927,N
Cust37017,N
Cust18067,N
Cust7775,Y
Cust23297,N
Cust37929,N
Cust32849,N
Cust19501,N
Cust28152,N
Cust11821,Y
Cust19798,N
Cust19246,N
Cust37208,Y
Cust38446,N
Cust12435,N
Cust32714,N
Cust38224,N
Cust26556,N
Cust39315,Y
Cust17073,N
Cust24525,N
Cust12899,N
Cust4310,N
Cust37343,N
Cust26240,N
Cust4760,Y
Cust28654,N
Cust39105,N
Cust6530,Y
Cust28303,N
Cust13547,N
Cust17438,N
Cust1913,Y
Cust15453,N
Cust9205,N
Cust30077,N
Cust10187,N
Cust22006,Y
Cust13513,N
Cust37505,N
Cust31599,N
Cust8872,N
Cust3770,Y
Cust8980,N
Cust28125,N
Cust13111,N
Cust23285,N
Cust23404,N
Cust37270,N
Cust26597,N
Cust13588,N
Cust13564,N
Cust21370,N
Cust2940,N
Cust22332,N
Cust17948,Y
Cust10333,N
Cust37035,N
Cust12900,N
Cust30211,N
Cust4059,Y
Cust19263,N
Cust6872,Y
Cust20912,N
Cust33288,Y
Cust23722,N
Cust27950,N
Cust5266,N
Cust1743,Y
Cust15987,Y
Cust37875,N
Cust31292,N
Cust20833,N
Cust10101,N
Cust10987,N
Cust37932,N
Cust13203,N
Cust38681,N
Cust31666,N
Cust19997,Y
Cust38317,N
Cust22691,Y
Cust31490,Y
Cust13637,N
Cust18995,N
Cust21737,N
Cust19223,N
Cust29934,N
Cust13518,N
Cust3760,Y
Cust13298,N
Cust3198,Y
Cust5386,Y
Cust29283,N
Cust27792,N
Cust3221,Y
Cust37934,N
Cust30496,N
Cust37863,Y
Cust5154,Y
Cust25921,N
Cust10193,N
Cust4999,Y
Cust11606,N
Cust28494,N
Cust31011,N
Cust18237,Y
Cust35809,Y
Cust31301,Y
Cust39425,N
Cust39191,N
Cust12036,N
Cust32878,N
Cust37682,N
Cust5026,Y
Cust1904,N
Cust27216,N
Cust37005,N
Cust5295,Y
Cust24457,N
Cust12733,N
Cust13487,N
Cust34134,N
Cust30107,N
Cust1770,N
Cust1492,N
Cust11138,N
Cust28015,N
Cust10360,N
Cust16654,N
Cust26022,N
Cust25364,N
Cust7341,Y
Cust35532,N
Cust29440,N
Cust14495,N
Cust26073,N
Cust17200,Y
Cust14789,N
Cust33603,N
Cust26479,N
Cust26533,N
Cust1072,Y
Cust32160,N
Cust3943,Y
Cust3467,Y
Cust2259,Y
Cust8485,N
Cust3166,N
Cust8412,N
Cust30362,N
Cust33760,N
Cust11620,N
Cust1337,N
Cust37479,Y
Cust11273,N
Cust5183,N
Cust33763,N
Cust36253,N
Cust5114,Y
Cust14194,Y
Cust14704,N
Cust27724,N
Cust32689,Y
Cust30131,N
Cust30322,N
Cust24624,N
Cust14172,N
Cust17143,N
Cust6909,Y
Cust32692,Y
Cust5193,Y
Cust8445,N
Cust12752,N
Cust31811,N
Cust6432,Y
Cust12736,N
Cust31819,N
Cust3380,N
Cust15414,N
Cust20508,N
Cust28769,N
Cust3742,Y
Cust15066,N
Cust24933,N
Cust6937,Y
Cust6798,Y
Cust7785,Y
Cust20021,N
Cust37147,N
Cust3252,N
Cust35010,N
Cust30042,N
Cust32388,N
Cust34603,N
Cust20821,Y
Cust9850,N
Cust28703,N
Cust33371,N
Cust31526,N
Cust5659,Y
Cust5966,Y
Cust39439,N
Cust18425,Y
Cust18106,Y
Cust15402,N
Cust16168,N
Cust5862,N
Cust30605,N
Cust15665,N
Cust12228,N
Cust31174,N
Cust22335,Y
Cust28699,N
Cust13462,N
Cust19901,N
Cust22311,Y
Cust9529,N
Cust17173,N
Cust24540,Y
Cust32611,N
Cust23734,N
Cust2275,Y
Cust35376,N
Cust30199,N
Cust6772,Y
Cust36318,N
Cust27003,N
Cust26666,N
Cust18474,N
Cust13266,N
Cust24420,N
Cust17361,N
Cust22703,Y
Cust11234,N
Cust36186,N
Cust27811,N
Cust1214,Y
Cust34643,N
Cust38327,N
Cust34133,N
Cust22088,Y
Cust34241,N
Cust27214,N
Cust18569,Y
Cust12931,N
Cust32812,N
Cust32345,N
Cust37511,N
Cust32111,N
Cust4034,Y
Cust15856,N
Cust27332,N
Cust38720,N
Cust32918,N
Cust31128,N
Cust11885,N
Cust35022,N
Cust4509,Y
Cust31670,N
Cust1529,N
Cust27695,N
Cust13958,N
Cust7840,Y
Cust3982,Y
Cust26407,N
Cust12553,N
Cust1905,N
Cust35093,N
Cust25621,N
Cust30242,N
Cust17113,N
Cust25480,N
Cust30445,N
Cust17709,N
Cust3814,Y
Cust9924,N
Cust31080,N
Cust35193,N
Cust11757,N
Cust34278,N
Cust5663,Y
Cust21326,N
Cust28562,N
Cust28859,Y
Cust26050,N
Cust32921,Y
Cust9931,N
Cust17224,Y
Cust34999,N
Cust20397,N
Cust18020,Y
Cust7282,Y
Cust16643,N
Cust2458,Y
Cust3750,Y
Cust35297,N
Cust10059,N
Cust32928,N
Cust31618,N
Cust6953,Y
Cust36629,N
Cust9517,N
Cust16075,N
Cust16069,N
Cust8586,N
Cust31132,N
Cust3453,Y
Cust8275,N
Cust27574,N
Cust30508,N
Cust28520,N
Cust31077,N
Cust10646,N
Cust6201,Y
Cust34249,N
Cust37788,N
Cust4474,Y
Cust35329,N
Cust25643,N
Cust27867,N
Cust16609,N
Cust33381,Y
Cust5632,N
Cust34701,N
Cust38702,N
Cust17821,N
Cust12263,N
Cust15486,N
Cust23753,N
Cust9878,N
Cust28033,N
Cust9273,Y
Cust1782,N
Cust2819,N
Cust3368,Y
Cust26521,N
Cust25684,N
Cust38117,N
Cust20687,N
Cust19884,N
Cust12238,N
Cust35647,N
Cust12991,N
Cust3546,Y
Cust28523,N
Cust21109,N
Cust2528,Y
Cust15907,N
Cust1287,N
Cust18555,Y
Cust36088,N
Cust33630,N
Cust9929,N
Cust29269,N
Cust19737,N
Cust28538,N
Cust18429,N
Cust16775,N
Cust35226,Y
Cust8768,N
Cust10043,N
Cust17186,N
Cust28719,N
Cust29818,N
Cust31877,N
Cust29418,N
Cust4987,Y
Cust9220,N
Cust20822,N
Cust14449,N
Cust26498,N
Cust28370,N
Cust37879,N
Cust31458,N
Cust36608,Y
Cust7060,Y
Cust22546,Y
Cust26079,N
Cust12820,Y
Cust14831,N
Cust10976,N
Cust23737,N
Cust3075,Y
Cust7625,Y
Cust26638,N
Cust27861,Y
Cust18330,N
Cust17374,N
Cust2601,Y
Cust15940,N
Cust30371,Y
Cust22318,Y
Cust33798,N
Cust12038,Y
Cust6154,Y
Cust9250,N
Cust28390,N
Cust13265,N
Cust37870,N
Cust6067,Y
Cust19695,N
Cust8836,N
Cust26596,N
Cust27018,N
Cust14242,Y
Cust5338,Y
Cust20596,N
Cust14766,N
Cust13488,N
Cust29742,N
Cust11222,N
Cust37518,N
Cust5087,Y
Cust14947,N
Cust1090,Y
Cust13215,N
Cust26431,N
Cust36543,N
Cust11776,N
Cust24720,N
Cust8806,N
Cust20234,N
Cust27348,N
Cust19049,N
Cust18200,N
Cust37015,N
Cust21928,N
Cust21009,N
Cust38990,N
Cust36678,Y
Cust19796,N
Cust36071,N
Cust18500,Y
Cust9796,N
Cust6659,Y
Cust36870,N
Cust2474,Y
Cust2446,N
Cust28836,N
Cust19819,N
Cust39382,Y
Cust24406,N
Cust8949,N
Cust12930,N
Cust38222,N
Cust23680,N
Cust21021,N
Cust24475,N
Cust37148,N
Cust14170,N
Cust29942,Y
Cust22538,Y
Cust30734,N
Cust3207,Y
Cust7558,Y
Cust29841,N
Cust13396,N
Cust23925,N
Cust10932,N
Cust21132,N
Cust4381,Y
Cust33672,N
Cust23221,N
Cust39140,N
Cust15113,N
Cust24547,N
Cust34167,N
Cust22120,Y
Cust23779,N
Cust12239,N
Cust2208,Y
Cust13458,N
Cust34371,N
Cust25698,N
Cust32240,N
Cust13114,N
Cust18653,Y
Cust22283,Y
Cust31848,N
Cust30454,N
Cust36043,N
Cust28149,N
Cust1496,N
Cust34532,N
Cust13452,N
Cust2625,N
Cust22477,Y
Cust23693,N
Cust12955,N
Cust8246,N
Cust3818,Y
Cust13638,N
Cust34274,N
Cust38983,N
Cust11417,N
Cust4466,N
Cust23179,N
Cust10090,Y
Cust4128,Y
Cust10602,N
Cust22218,Y
Cust25216,N
Cust32343,N
Cust20479,N
Cust11009,N
Cust9216,N
Cust36769,N
Cust12987,N
Cust1034,Y
Cust25778,N
Cust15197,N
Cust1705,N
Cust23211,N
Cust30834,N
Cust37924,N
Cust8100,Y
Cust10248,N
Cust32399,N
Cust30598,N
Cust12566,Y
Cust33292,N
Cust22925,Y
Cust16579,N
Cust4214,Y
Cust13979,N
Cust37825,N
Cust30993,N
Cust20241,Y
Cust32249,N
Cust3727,N
Cust37877,N
Cust7665,Y
Cust26135,N
Cust17050,N
Cust38820,N
Cust27122,N
Cust7725,N
Cust26190,N
Cust10240,N
Cust26380,N
Cust35751,N
Cust39365,N
Cust12803,N
Cust29012,N
Cust26749,N
Cust18084,Y
Cust35380,N
Cust18560,Y
Cust27756,N
Cust12747,N
Cust10256,Y
Cust38597,N
Cust1062,N
Cust32033,N
Cust9169,N
Cust31549,N
Cust27819,N
Cust14665,N
Cust34447,N
Cust13439,N
Cust28081,N
Cust28279,N
Cust28728,Y
Cust6146,Y
Cust30352,N
Cust30546,N
Cust32447,N
Cust23641,N
Cust24416,N
Cust23324,N
Cust19995,N
Cust14409,Y
Cust38462,N
Cust6902,Y
Cust28422,N
Cust34434,N
Cust27334,N
Cust18891,N
Cust38817,N
Cust2888,Y
Cust7064,Y
Cust34404,N
Cust18233,Y
Cust18606,N
Cust11308,N
Cust11988,N
Cust39130,N
Cust31582,N
Cust8349,N
Cust21551,N
Cust11267,N
Cust32847,N
Cust5805,Y
Cust8328,N
Cust8827,N
Cust29496,N
Cust37614,N
Cust38375,N
Cust10653,N
Cust11116,N
Cust33686,N
Cust12110,N
Cust20394,N
Cust32461,N
Cust8458,N
Cust35741,N
Cust16701,N
Cust32694,N
Cust31706,N
Cust24459,N
Cust8910,N
Cust37173,N
Cust6021,Y
Cust36159,N
Cust17634,N
Cust8819,N
Cust14531,N
Cust26464,N
Cust32575,N
Cust32012,N
Cust38574,N
Cust26676,N
Cust3867,Y
Cust30601,N
Cust31744,N
Cust38418,N
Cust31928,N
Cust4469,Y
Cust35915,N
Cust13759,N
Cust19164,N
Cust24452,Y
Cust26233,N
Cust13263,Y
Cust34766,N
Cust7117,N
Cust14474,N
Cust24279,N
Cust32016,Y
Cust8031,Y
Cust37556,N
Cust33251,N
Cust10037,N
Cust34374,N
Cust38297,N
Cust34810,N
Cust1444,N
Cust7735,Y
Cust10205,N
Cust6299,Y
Cust5701,Y
Cust27401,N
Cust30268,N
Cust18810,Y
Cust20839,Y
Cust21034,N
Cust9889,N
Cust33467,N
Cust12399,N
Cust15550,N
Cust4870,Y
Cust27681,Y
Cust8563,N
Cust6426,Y
Cust6080,Y
Cust31401,N
Cust26097,N
Cust38250,N
Cust4699,Y
Cust25999,N
Cust30191,N
Cust8367,N
Cust7880,Y
Cust4080,N
Cust33571,N
Cust21530,N
Cust35009,N
Cust35956,N
Cust30682,N
Cust9830,N
Cust24884,Y
Cust28978,N
Cust14512,N
Cust18127,N
Cust14214,Y
Cust2598,Y
Cust2342,Y
Cust7286,Y
Cust10063,N
Cust9743,N
Cust30838,N
Cust3001,Y
Cust12311,Y
Cust10163,N
Cust23469,N
Cust17035,N
Cust25852,N
Cust26180,N
Cust21035,N
Cust10490,N
Cust14505,N
Cust14477,N
Cust31086,N
Cust3417,Y
Cust35327,Y
Cust38958,N
Cust22537,Y
Cust4879,N
Cust27042,N
Cust25315,Y
Cust25100,N
Cust8971,N
Cust23994,N
Cust36048,N
Cust23692,N
Cust11547,N
Cust30792,N
Cust11438,N
Cust34704,N
Cust31676,N
Cust25012,N
Cust16147,N
Cust31569,N
Cust2769,Y
Cust38988,N
Cust34981,N
Cust6397,N
Cust30676,N
Cust19523,N
Cust22791,Y
Cust26133,N
Cust22957,N
Cust28238,N
Cust6430,Y
Cust19687,N
Cust7373,Y
Cust20086,N
Cust27052,N
Cust5515,N
Cust36046,N
Cust20170,Y
Cust25486,N
Cust11281,N
Cust29503,N
Cust7495,N
Cust1047,N
Cust31444,N
Cust1430,N
Cust30610,N
Cust24409,N
Cust10586,N
Cust22681,Y
Cust28210,N
Cust18907,Y
Cust31871,N
Cust24976,N
Cust23557,N
Cust5570,Y
Cust9005,N
Cust29056,N
Cust31936,N
Cust15156,N
Cust20388,N
Cust31199,N
Cust36770,N
Cust38369,N
Cust20650,Y
Cust19215,N
Cust37197,N
Cust28938,N
Cust11648,N
Cust31758,N
Cust28365,N
Cust35456,N
Cust30820,N
Cust3390,Y
Cust36953,N
Cust15188,N
Cust10456,N
Cust30099,N
Cust19431,N
Cust37808,N
Cust20726,N
Cust5449,Y
Cust13591,Y
Cust24524,N
Cust30346,N
Cust33572,N
Cust12146,N
Cust37654,N
Cust29362,N
Cust11153,N
Cust25185,N
Cust18143,Y
Cust3810,N
Cust12547,N
Cust6760,Y
Cust25577,N
Cust19088,N
Cust19637,N
Cust22883,Y
Cust14838,N
Cust22644,N
Cust29363,N
Cust11357,N
Cust22904,Y
Cust13417,N
Cust10493,Y
Cust2633,Y
Cust24036,N
Cust6028,Y
Cust36631,N
Cust13689,N
Cust9020,N
Cust18679,Y
Cust7269,N
Cust20709,N
Cust22227,Y
Cust33286,N
Cust17320,N
Cust5958,Y
Cust5969,N
Cust34186,N
Cust35217,N
Cust26572,N
Cust5056,Y
Cust26061,N
Cust5537,Y
Cust26459,N
Cust15097,N
Cust30695,N
Cust29808,N
Cust37056,N
Cust36068,N
Cust29563,N
Cust18724,Y
Cust23528,Y
Cust37478,N
Cust18994,N
Cust35199,N
Cust26155,N
Cust27920,N
Cust20765,N
Cust4326,Y
Cust38789,N
Cust18936,N
Cust29021,N
Cust18098,Y
Cust5075,N
Cust18922,Y
Cust18092,Y
Cust28196,N
Cust20677,N
Cust16127,N
Cust23798,N
Cust36742,N
Cust28987,N
Cust37033,N
Cust4409,Y
Cust19900,N
Cust32835,Y
Cust10524,N
Cust30710,N
Cust33306,N
Cust19009,N
Cust31400,N
Cust2307,Y
Cust28868,N
Cust27873,N
Cust17746,N
Cust24175,N
Cust12073,N
Cust10188,N
Cust8852,N
Cust6629,Y
Cust32181,N
Cust5426,Y
Cust31271,N
Cust35440,N
Cust14463,N
Cust22641,Y
Cust31586,N
Cust2098,Y
Cust32354,N
Cust2638,Y
Cust6189,N
Cust21978,Y
Cust6992,Y
Cust29209,N
Cust28257,N
Cust34410,N
Cust3103,N
Cust31625,N
Cust18457,Y
Cust7277,N
Cust5079,Y
Cust4634,Y
Cust32547,N
Cust10882,N
Cust35653,N
Cust20733,N
Cust11183,N
Cust12431,N
Cust14482,N
Cust15854,N
Cust10504,N
Cust34540,N
Cust34544,N
Cust1684,Y
Cust4820,Y
Cust26386,N
Cust10895,N
Cust33535,N
Cust13137,N
Cust27065,N
Cust32703,N
Cust31775,N
Cust35339,N
Cust15990,N
Cust14226,Y
Cust18028,Y
Cust7869,Y
Cust20265,N
Cust7310,N
Cust7893,Y
Cust34818,N
Cust1118,Y
Cust15742,N
Cust24284,N
Cust29124,N
Cust1163,N
Cust26026,N
Cust2515,Y
Cust33183,N
Cust11025,N
Cust20829,N
Cust4816,Y
Cust27803,N
Cust13052,N
Cust18268,Y
Cust6442,Y
Cust28285,N
Cust39324,N
Cust24209,Y
Cust17218,N
Cust2238,Y
Cust1830,Y
Cust2124,Y
Cust22275,Y
Cust35403,N
Cust34453,Y
Cust34719,N
Cust25600,N
Cust1043,N
Cust1974,Y
Cust37691,N
Cust1672,N
Cust30949,N
Cust15720,N
Cust33835,N
Cust2228,Y
Cust22269,Y
Cust10988,N
Cust25000,N
Cust17851,N
Cust10884,N
Cust14380,Y
Cust25977,N
Cust2614,N
Cust15114,N
Cust3970,Y
Cust26009,N
Cust25201,N
Cust29105,N
Cust18025,Y
Cust1346,N
Cust6286,N
Cust17994,N
Cust11133,N
Cust11993,N
Cust5824,Y
Cust14209,Y
Cust24334,N
Cust13941,N
Cust36292,N
Cust1035,N
Cust16115,N
Cust21284,N
Cust22518,Y
Cust22246,Y
Cust22240,Y
Cust37766,N
Cust16954,N
Cust1081,N
Cust37623,N
Cust36011,Y
Cust26119,N
Cust28932,N
Cust22711,Y
Cust25367,N
Cust29494,N
Cust15501,N
Cust30495,N
Cust13400,N
Cust38071,N
Cust36252,N
Cust28101,N
Cust2160,N
Cust6461,Y
Cust14974,N
Cust15125,N
Cust33889,N
Cust3376,N
Cust10231,N
Cust5029,N
Cust33717,N
Cust29915,N
Cust18118,Y
Cust10207,N
Cust12822,N
Cust1051,N
Cust37186,N
Cust38452,N
Cust9558,N
Cust12420,Y
Cust18123,Y
Cust6213,Y
Cust21241,N
Cust3429,Y
Cust20803,N
Cust31442,N
Cust23229,N
Cust2573,Y
Cust12031,N
Cust3420,Y
Cust31994,N
Cust14111,N
Cust19237,N
Cust20747,N
Cust1771,N
Cust15545,N
Cust33319,Y
Cust8172,N
Cust17923,N
Cust16814,Y
Cust38331,N
Cust13891,N
Cust21010,N
Cust17741,N
Cust20118,N
Cust31965,N
Cust26445,N
Cust32310,N
Cust31256,N
Cust14338,Y
Cust13039,Y
Cust25769,N
Cust34142,N
Cust7661,Y
Cust17673,N
Cust10783,N
Cust22079,Y
Cust27068,N
Cust11924,N
Cust35788,N
Cust37365,N
Cust13980,N
Cust12745,N
Cust39358,N
Cust34958,N
Cust37275,N
Cust31062,N
Cust39264,N
Cust27445,N
Cust27158,N
Cust15420,N
Cust17876,N
Cust24877,N
Cust30348,N
Cust32331,Y
Cust38441,N
Cust31973,N
Cust39368,N
Cust37793,N
Cust18668,Y
Cust36326,N
Cust28067,Y
Cust9789,N
Cust8930,N
Cust14312,N
Cust26754,N
Cust30778,N
Cust12039,N
Cust24827,N
Cust39082,N
Cust32484,N
Cust25687,N
Cust11728,N
Cust7939,Y
Cust5510,Y
Cust7255,Y
Cust28054,N
Cust17529,N
Cust12613,N
Cust9254,Y
Cust7285,N
Cust26019,N
Cust3451,Y
Cust35684,N
Cust27955,N
Cust29484,N
Cust26545,N
Cust16717,Y
Cust30080,N
Cust8085,Y
Cust3647,Y
Cust33938,N
Cust10312,N
Cust36475,N
Cust35197,N
Cust20501,N
Cust12720,N
Cust7198,Y
Cust14967,N
Cust13804,N
Cust3966,Y
Cust9547,N
Cust11761,Y
Cust10773,Y
Cust24286,N
Cust30117,N
Cust26799,N
Cust13465,N
Cust27939,N
Cust9105,N
Cust19308,N
Cust27344,N
Cust34881,N
Cust6373,N
Cust31602,N
Cust28412,N
Cust24269,N
Cust19886,N
Cust5580,Y
Cust24515,N
Cust39388,N
Cust30633,Y
Cust9452,Y
Cust8506,N
Cust5393,Y
Cust32332,N
Cust11534,N
Cust30151,Y
Cust2367,Y
Cust19351,Y
Cust35614,N
Cust26924,N
Cust30207,N
Cust34588,N
Cust13061,N
Cust24874,N
Cust22524,Y
Cust11016,N
Cust34725,N
Cust24520,N
Cust14439,N
Cust27870,N
Cust18702,Y
Cust27766,N
Cust30073,N
Cust5414,Y
Cust9047,N
Cust3860,Y
Cust3652,Y
Cust24021,N
Cust17495,N
Cust31403,N
Cust35732,N
Cust21818,N
Cust28767,N
Cust18950,N
Cust10503,N
Cust19634,N
Cust10446,N
Cust36861,N
Cust15760,N
Cust14779,N
Cust23338,N
Cust5082,N
Cust25425,N
Cust21233,N
Cust18297,Y
Cust16693,Y
Cust23354,N
Cust39292,N
Cust24414,N
Cust3078,Y
Cust34651,N
Cust14546,N
Cust34461,N
Cust2763,Y
Cust22050,Y
Cust23893,N
Cust8703,N
Cust37622,N
Cust34268,Y
Cust27628,N
Cust15509,N
Cust16091,N
Cust15589,N
Cust34083,N
Cust23578,N
Cust25113,N
Cust7758,Y
Cust27876,N
Cust38936,N
Cust11581,N
Cust37337,N
Cust7984,Y
Cust19443,N
Cust5925,Y
Cust15081,N
Cust27565,N
Cust9501,N
Cust32245,N
Cust9533,N
Cust28608,N
Cust3540,Y
Cust14190,Y
Cust1485,N
Cust3045,Y
Cust11884,N
Cust34476,N
Cust3162,Y
Cust18570,N
Cust9260,Y
Cust17538,N
Cust6309,N
Cust12124,N
Cust37067,N
Cust24434,N
Cust14220,N
Cust14485,N
Cust33699,N
Cust25048,N
Cust29862,N
Cust35278,N
Cust18473,Y
Cust21777,N
Cust38607,Y
Cust10458,N
Cust33443,Y
Cust28586,N
Cust9175,N
Cust30840,N
Cust25940,N
Cust27875,N
Cust17877,N
Cust35621,N
Cust4731,Y
Cust31058,N
Cust27198,N
Cust30427,N
Cust24367,N
Cust26390,N
Cust34093,N
Cust28232,N
Cust24479,N
Cust22322,Y
Cust26571,N
Cust3441,Y
Cust21913,N
Cust31543,N
Cust17581,N
Cust3946,N
Cust1721,N
Cust38896,N
Cust13512,N
Cust26485,N
Cust21133,N
Cust33854,N
Cust23709,N
Cust24823,N
Cust39291,N
Cust27419,N
Cust35580,N
Cust5303,N
Cust16205,N
Cust18634,Y
Cust8718,N
Cust3934,N
Cust16596,N
Cust36467,N
Cust14972,N
Cust15276,N
Cust7852,N
Cust34521,N
Cust28715,N
Cust33969,N
Cust34843,N
Cust26169,N
Cust8218,N
Cust30209,N
Cust9708,N
Cust16039,N
Cust37943,N
Cust23465,N
Cust10375,N
Cust23989,N
Cust35550,N
Cust14286,Y
Cust26811,N
Cust34264,N
Cust16684,N
Cust33241,N
Cust31030,N
Cust16829,Y
Cust16158,N
Cust19530,N
Cust33166,N
Cust21545,N
Cust18989,N
Cust22361,Y
Cust38819,N
Cust17691,N
Cust37380,N
Cust1323,N
Cust16071,N
Cust5724,N
Cust15540,N
Cust35986,N
Cust6165,N
Cust2020,Y
Cust25386,N
Cust14247,Y
Cust35815,N
Cust12499,N
Cust29001,N
Cust7065,Y
Cust38940,N
Cust29002,N
Cust11406,N
Cust7325,Y
Cust7790,N
Cust38482,N
Cust26080,N
Cust32323,Y
Cust38347,N
Cust5936,Y
Cust12297,N
Cust36416,N
Cust16488,N
Cust2611,N
Cust26359,N
Cust1521,N
Cust18716,N
Cust27100,N
Cust25164,N
Cust3260,Y
Cust6748,N
Cust26210,N
Cust28564,N
Cust36798,N
Cust19668,N
Cust13486,N
Cust7896,Y
Cust29148,N
Cust32232,N
Cust34780,N
Cust11449,N
Cust4595,Y
Cust18165,Y
Cust39243,N
Cust34195,N
Cust17100,N
Cust30002,N
Cust7175,Y
Cust25055,N
Cust19123,N
Cust33277,N
Cust22679,Y
Cust1916,Y
Cust32179,N
Cust28825,N
Cust8198,N
Cust21428,Y
Cust19517,N
Cust27027,N
Cust28519,N
Cust2896,Y
Cust10728,N
Cust24333,N
Cust37388,N
Cust35884,N
Cust34688,N
Cust17089,Y
Cust1915,Y
Cust7476,N
Cust3099,Y
Cust17997,Y
Cust29261,N
Cust26640,Y
Cust16570,N
Cust21111,N
Cust36408,N
Cust33346,N
Cust6662,Y
Cust38180,N
Cust6402,Y
Cust31723,N
Cust34828,N
Cust12776,N
Cust7669,N
Cust2094,Y
Cust29877,N
Cust28435,N
Cust13853,N
Cust8695,N
Cust19708,N
Cust7824,Y
Cust34213,N
Cust23373,N
Cust1012,Y
Cust6754,Y
Cust19516,N
Cust34994,N
Cust34614,N
Cust13229,N
Cust13036,N
Cust33132,N
Cust3175,Y
Cust3669,Y
Cust18357,Y
Cust25372,N
Cust22720,Y
Cust18553,Y
Cust4517,Y
Cust18548,Y
Cust6706,N
Cust36469,N
Cust23409,N
Cust6634,Y
Cust21259,N
Cust22692,Y
Cust18037,Y
Cust18122,Y
Cust35097,N
Cust24372,N
Cust11299,N
Cust10878,N
Cust37526,N
Cust30502,N
Cust20068,N
Cust3033,Y
Cust33046,N
Cust19446,N
Cust8456,N
Cust36325,N
Cust13339,N
Cust23049,N
Cust37434,Y
Cust18394,Y
Cust37732,N
Cust13545,N
Cust27945,N
Cust29566,N
Cust5460,Y
Cust5072,Y
Cust29516,N
Cust3713,Y
Cust6640,Y
Cust22615,Y
Cust23743,N
Cust36570,N
Cust14990,N
Cust14516,N
Cust29796,N
Cust29147,N
Cust27638,N
Cust8104,Y
Cust39193,N
Cust15972,N
Cust8156,N
Cust30592,N
Cust12173,N
Cust14033,N
Cust3801,Y
Cust14319,Y
Cust13937,Y
Cust34443,N
Cust36902,N
Cust22744,Y
Cust10152,N
Cust12707,Y
Cust16944,N
Cust12855,N
Cust19079,N
Cust5562,Y
Cust24249,N
Cust33866,N
Cust28371,N
Cust10962,N
Cust7280,Y
Cust22804,Y
Cust24601,N
Cust23908,N
Cust19152,N
Cust9543,N
Cust27713,N
Cust29376,N
Cust7283,Y
Cust22010,Y
Cust19571,N
Cust37953,N
Cust27293,N
Cust34479,N
Cust25542,N
Cust7719,Y
Cust22170,Y
Cust11478,N
Cust38411,N
Cust7257,Y
Cust7856,Y
Cust4572,Y
Cust36883,N
Cust29226,N
Cust31519,N
Cust18342,Y
Cust3773,Y
Cust25143,N
Cust13244,N
Cust29757,N
Cust15866,N
Cust33466,N
Cust10543,N
Cust7104,Y
Cust10061,N
Cust20524,N
Cust37161,N
Cust14514,Y
Cust27267,N
Cust30312,N
Cust6946,Y
Cust30940,N
Cust37026,N
Cust24989,N
Cust21742,N
Cust23487,Y
Cust24581,N
Cust9573,N
Cust37085,N
Cust36801,N
Cust11942,N
Cust14773,N
Cust5904,N
Cust5578,Y
Cust33958,N
Cust34208,N
Cust7961,Y
Cust23976,N
Cust27601,N
Cust7292,Y
Cust12395,N
Cust11136,N
Cust19334,N
Cust11012,N
Cust22302,Y
Cust20208,N
Cust8243,N
Cust29564,N
Cust9062,N
Cust5097,Y
Cust11698,N
Cust23939,N
Cust24799,N
Cust36536,N
Cust13904,N
Cust17745,N
Cust14778,N
Cust5315,Y
Cust21960,Y
Cust2980,N
Cust19742,N
Cust25983,N
Cust32834,N
Cust26242,N
Cust20639,N
Cust23266,N
Cust12486,N
Cust35248,N
Cust8585,N
Cust29938,N
Cust13349,N
Cust16613,N
Cust37589,N
Cust6649,Y
Cust2308,N
Cust33313,N
Cust7082,Y
Cust1378,N
Cust26437,N
Cust28013,N
Cust24980,N
Cust11809,Y
Cust19245,N
Cust3290,N
Cust4277,Y
Cust24054,N
Cust23683,N
Cust11853,Y
Cust1484,N
Cust26383,N
Cust22875,N
Cust16173,Y
Cust17707,N
Cust21707,N
Cust28768,Y
Cust3917,Y
Cust17370,N
Cust28991,N
Cust3041,Y
Cust8929,N
Cust21387,N
Cust37185,N
Cust30911,N
Cust20424,N
Cust18125,N
Cust36073,Y
Cust5819,Y
Cust12041,N
Cust10170,N
Cust34939,N
Cust4231,Y
Cust18963,N
Cust4661,N
Cust10693,N
Cust23250,N
Cust37710,N
Cust16883,N
Cust38274,N
Cust18396,Y
Cust25915,N
Cust16922,N
Cust34660,N
Cust26265,N
Cust12709,N
Cust36937,N
Cust3978,N
Cust23102,N
Cust2517,Y
Cust32140,N
Cust29604,N
Cust3565,N
Cust36055,N
Cust26689,N
Cust28565,N
Cust24568,N
Cust26931,N
Cust34161,N
Cust21657,N
Cust25612,N
Cust2376,Y
Cust12272,N
Cust18528,Y
Cust34465,N
Cust32328,N
Cust21073,N
Cust15764,N
Cust20981,Y
Cust26104,N
Cust14683,N
Cust34032,N
Cust14427,Y
Cust37012,N
Cust28686,N
Cust26426,N
Cust31643,N
Cust8188,Y
Cust24176,N
Cust8680,N
Cust14083,N
Cust33116,N
Cust33568,N
Cust26563,N
Cust18962,Y
Cust12706,N
Cust22060,N
Cust18529,Y
Cust36301,N
Cust23193,N
Cust10856,N
Cust21436,N
Cust30056,N
Cust11090,N
Cust34674,N
Cust22707,Y
Cust29952,Y
Cust5560,Y
Cust18544,Y
Cust17427,N
Cust23412,N
Cust26318,N
Cust29029,N
Cust22584,Y
Cust5905,Y
Cust18005,N
Cust25742,N
Cust36113,N
Cust20302,Y
Cust1977,N
Cust32877,N
Cust17759,N
Cust18478,N
Cust29431,N
Cust26014,Y
Cust36118,N
Cust2530,N
Cust14767,N
Cust24676,N
Cust24086,N
Cust38116,N
Cust27843,N
Cust26146,Y
Cust27683,N
Cust24232,N
Cust35060,N
Cust10917,N
Cust22812,Y
Cust18256,Y
Cust37952,N
Cust12216,N
Cust7921,N
Cust20607,N
Cust36574,N
Cust7786,Y
Cust2132,Y
Cust11179,N
Cust8356,N
Cust8611,N
Cust18201,Y
Cust9138,N
Cust32987,N
Cust10803,N
Cust8614,Y
Cust2424,Y
Cust23898,N
Cust34043,N
Cust36906,N
Cust20182,N
Cust8424,N
Cust11889,N
Cust37920,N
Cust38504,N
Cust6914,Y
Cust25676,N
Cust29845,N
Cust6212,N
Cust8688,N
Cust11586,N
Cust27472,N
Cust21265,N
Cust4346,Y
Cust22498,Y
Cust36712,N
Cust12612,N
Cust38947,Y
Cust28384,N
Cust4091,Y
Cust4973,N
Cust4846,Y
Cust20990,N
Cust13754,N
Cust34040,N
Cust5516,Y
Cust25020,N
Cust1754,N
Cust1006,Y
Cust15845,N
Cust19302,N
Cust9361,Y
Cust37969,N
Cust35937,N
Cust20020,N
Cust33526,N
Cust34418,N
Cust37817,N
Cust36214,N
Cust1021,N
Cust31320,N
Cust32097,N
Cust16965,N
Cust12208,N
Cust11796,Y
Cust6613,Y
Cust1136,Y
Cust25884,N
Cust3464,N
Cust19863,N
Cust30494,N
Cust38141,N
Cust8231,N
Cust5280,Y
Cust3023,Y
Cust4318,Y
Cust25732,N
Cust31729,N
Cust19807,N
Cust26255,N
Cust4279,Y
Cust27997,N
Cust11289,N
Cust15526,N
Cust21783,N
Cust26184,N
Cust16246,N
Cust6669,Y
Cust22953,N
Cust26106,N
Cust11553,N
Cust29899,N
Cust27436,N
Cust17630,N
Cust1908,N
Cust31504,N
Cust29011,N
Cust18404,Y
Cust8139,N
Cust26794,N
Cust29872,N
Cust31849,N
Cust16303,N
Cust24461,N
Cust13884,N
Cust25221,N
Cust1691,N
Cust33615,N
Cust31818,N
Cust31737,N
Cust25789,N
Cust20658,Y
Cust6241,Y
Cust25596,N
Cust21942,N
Cust2478,Y
Cust12877,N
Cust35353,N
Cust5532,N
Cust27508,N
Cust27311,N
Cust37976,Y
Cust19858,Y
Cust2272,Y
Cust25849,N
Cust7035,Y
Cust21304,N
Cust38423,N
Cust9807,N
Cust29717,N
Cust16272,N
Cust29410,N
Cust29763,N
Cust30034,N
Cust25270,N
Cust5380,Y
Cust20422,N
Cust3834,Y
Cust7615,Y
Cust39123,Y
Cust36949,N
Cust8750,N
Cust26573,N
Cust13498,N
Cust16797,Y
Cust21231,N
Cust38984,N
Cust15300,N
Cust3374,N
Cust6048,Y
Cust31044,N
Cust18627,Y
Cust35090,N
Cust23292,N
Cust10436,N
Cust25136,N
Cust21069,N
Cust23572,N
Cust11097,N
Cust18189,Y
Cust9701,N
Cust20062,N
Cust29234,N
Cust33495,N
Cust28485,N
Cust7244,Y
Cust12788,N
Cust12444,N
Cust2582,Y
Cust10018,N
Cust16637,N
Cust7165,Y
Cust35811,N
Cust9939,N
Cust20982,N
Cust5169,Y
Cust2793,N
Cust9085,N
Cust35887,N
Cust33802,N
Cust18332,Y
Cust24562,N
Cust8531,N
Cust36346,N
Cust16395,N
Cust4174,Y
Cust17518,N
Cust10585,N
Cust39289,N
Cust2890,Y
Cust29720,N
Cust25810,N
Cust33032,N
Cust7526,Y
Cust29770,N
Cust7355,Y
Cust8570,N
Cust15830,Y
Cust35280,N
Cust11307,N
Cust10698,N
Cust32241,N
Cust9752,N
Cust25029,N
Cust30023,N
Cust37540,N
Cust17128,N
Cust13175,N
Cust24929,N
Cust11921,N
Cust36063,N
Cust27962,N
Cust14368,N
Cust5046,Y
Cust34023,N
Cust16849,N
Cust5763,Y
Cust21220,N
Cust5744,Y
Cust22684,Y
Cust9194,N
Cust28897,N
Cust27798,N
Cust7915,Y
Cust5480,Y
Cust19608,N
Cust1352,N
Cust20164,N
Cust31576,N
Cust31923,Y
Cust33283,N
Cust7541,N
Cust15913,N
Cust35260,N
Cust10794,N
Cust14045,Y
Cust30962,N
Cust31954,N
Cust30153,N
Cust38490,N
Cust15603,N
Cust17142,N
Cust10449,N
Cust5491,Y
Cust13316,N
Cust13038,Y
Cust30966,N
Cust18840,Y
Cust24504,N
Cust14452,N
Cust13192,N
Cust37802,N
Cust11023,N
Cust36281,N
Cust21976,Y
Cust18325,Y
Cust13425,N
Cust11949,N
Cust15306,N
Cust38376,N
Cust6209,Y
Cust22682,Y
Cust24896,N
Cust27626,N
Cust25903,N
Cust35000,N
Cust16964,N
Cust30265,N
Cust14464,N
Cust29783,Y
Cust25124,N
Cust37664,N
Cust13984,N
Cust12349,N
Cust21765,N
Cust25351,N
Cust8109,Y
Cust33211,N
Cust34228,N
Cust22635,Y
Cust6621,Y
Cust35358,N
Cust24990,N
Cust19001,N
Cust19407,N
Cust11096,N
Cust29331,Y
Cust3883,Y
Cust23796,N
Cust31213,N
Cust2335,Y
Cust23374,N
Cust4882,Y
Cust37047,N
Cust10283,N
Cust1092,Y
Cust26475,N
Cust26420,N
Cust25318,N
Cust15833,N
Cust13459,N
Cust19981,N
Cust5490,Y
Cust32006,N
Cust29224,N
Cust37040,Y
Cust5993,Y
Cust16435,N
Cust9312,Y
Cust30273,N
Cust16068,N
Cust8274,N
Cust36078,N
Cust13960,N
Cust34426,N
Cust20910,N
Cust31714,N
Cust12429,N
Cust35985,N
Cust5662,Y
Cust7320,N
Cust27110,Y
Cust3234,Y
Cust2305,Y
Cust16187,N
Cust7466,Y
Cust19050,N
Cust15831,Y
Cust15767,N
Cust28596,N
Cust27669,N
Cust17229,N
Cust32077,N
Cust31686,Y
Cust1865,N
Cust8354,N
Cust14854,N
Cust18405,N
Cust7645,Y
Cust9977,N
Cust11622,N
Cust11247,N
Cust30378,N
Cust21094,N
Cust2521,Y
Cust29071,N
Cust28064,N
Cust16931,N
Cust37345,N
Cust26220,N
Cust21048,Y
Cust18660,Y
Cust20379,N
Cust36340,N
Cust36309,N
Cust35611,N
Cust16718,Y
Cust36114,N
Cust17297,N
Cust9412,Y
Cust14284,Y
Cust5328,Y
Cust35542,N
Cust5733,Y
Cust4278,Y
Cust27359,N
Cust7074,Y
Cust22066,Y
Cust15504,N
Cust22262,Y
Cust7228,N
Cust33939,N
Cust38553,N
Cust27381,N
Cust32610,N
Cust38430,N
Cust10964,N
Cust7219,Y
Cust13742,N
Cust5274,Y
Cust13572,N
Cust6788,Y
Cust34029,N
Cust18502,Y
Cust5225,N
Cust32780,N
Cust8519,N
Cust15256,N
Cust15158,N
Cust12108,N
Cust13800,N
Cust39242,N
Cust6674,Y
Cust16982,N
Cust8953,N
Cust11388,N
Cust4334,Y
Cust1869,Y
Cust8047,Y
Cust22298,Y
Cust1250,Y
Cust3069,N
Cust34933,N
Cust22398,Y
Cust36624,N
Cust31838,N
Cust2181,Y
Cust38964,N
Cust37962,N
Cust15298,Y
Cust15638,N
Cust15301,N
Cust18274,Y
Cust24392,N
Cust11824,Y
Cust10905,N
Cust29185,N
Cust8091,Y
Cust14762,N
Cust9333,Y
Cust32934,N
Cust3595,N
Cust11291,N
Cust8431,N
Cust9443,Y
Cust18012,Y
Cust4152,Y
Cust18040,Y
Cust23202,N
Cust25019,N
Cust31638,N
Cust14686,N
Cust2593,Y
Cust35373,N
Cust17583,N
Cust37811,N
Cust15930,N
Cust5833,Y
Cust13874,N
Cust21197,N
Cust36258,N
Cust28970,N
Cust33730,N
Cust17158,N
Cust20109,N
Cust33727,N
Cust21646,N
Cust28330,N
Cust7546,Y
Cust12827,N
Cust26731,N
Cust6126,Y
Cust26725,N
Cust2450,Y
Cust33072,N
Cust35240,N
Cust17986,Y
Cust34915,N
Cust26474,N
Cust26882,N
Cust15493,N
Cust26003,N
Cust36907,N
Cust13393,N
Cust2642,Y
Cust11056,N
Cust16001,N
Cust34292,N
Cust10953,N
Cust5435,Y
Cust15612,N
Cust37116,N
Cust33509,N
Cust34585,N
Cust8048,N
Cust24742,N
Cust32172,N
Cust36700,Y
Cust5612,Y
Cust2542,Y
Cust33803,N
Cust8772,N
Cust18271,Y
Cust34457,N
Cust17544,N
Cust31843,N
Cust15309,Y
Cust6623,Y
Cust7696,Y
Cust20698,Y
Cust12231,N
Cust5216,Y
Cust25989,N
Cust21691,N
Cust2449,Y
Cust20721,N
Cust26520,N
Cust7728,N
Cust36400,N
Cust27809,N
Cust36098,N
Cust12354,N
Cust10868,N
Cust25798,N
Cust30382,N
Cust27938,N
Cust18440,Y
Cust18246,Y
Cust37822,N
Cust7980,Y
Cust24261,N
Cust17124,N
Cust14916,N
Cust28128,N
Cust9296,N
Cust8329,N
Cust35451,N
Cust25723,N
Cust19851,Y
Cust39133,N
Cust31426,N
Cust31913,Y
Cust36604,N
Cust20238,N
Cust23377,N
Cust38419,N
Cust2332,Y
Cust3535,N
Cust21592,N
Cust20759,Y
Cust5323,Y
Cust2925,N
Cust5799,Y
Cust33248,N
Cust8514,N
Cust32669,N
Cust14134,N
Cust38508,N
Cust4984,Y
Cust7011,Y
Cust6323,Y
Cust23730,N
Cust30552,N
Cust17940,Y
Cust30726,N
Cust16573,N
Cust13590,N
Cust7562,Y
Cust3831,Y
Cust22954,N
Cust7207,Y
Cust38780,N
Cust17378,N
Cust36353,N
Cust22027,Y
Cust2874,N
Cust29298,N
Cust13775,N
Cust13849,N
Cust30622,N
Cust26127,N
Cust3112,Y
Cust34155,N
Cust18194,Y
Cust30894,N
Cust39192,N
Cust37276,N
Cust33200,N
Cust28822,Y
Cust29663,N
Cust3269,N
Cust23965,N
Cust1005,N
Cust30667,N
Cust18414,N
Cust2390,Y
Cust10774,N
Cust3442,Y
Cust39272,N
Cust17944,Y
Cust27835,N
Cust31131,N
Cust4951,N
Cust29550,N
Cust36695,Y
Cust11126,N
Cust39328,N
Cust35776,N
Cust16755,N
Cust23227,N
Cust31773,N
Cust37445,N
Cust17855,Y
Cust21782,N
Cust28872,N
Cust24994,N
Cust25619,N
Cust2671,Y
Cust28863,N
Cust1873,Y
Cust9073,N
Cust4301,Y
Cust27464,N
Cust25282,N
Cust26936,N
Cust24865,N
Cust19755,Y
Cust2682,Y
Cust31949,N
Cust29099,N
Cust29382,N
Cust2172,Y
Cust8775,N
Cust36842,N
Cust28199,N
Cust9836,N
Cust2827,Y
Cust12658,N
Cust25334,N
Cust30884,N
Cust16316,Y
Cust22592,Y
Cust25779,N
Cust2612,Y
Cust33110,N
Cust38848,N
Cust27887,N
Cust11804,Y
Cust23519,N
Cust30698,N
Cust8736,N
Cust18898,Y
Cust28610,Y
Cust10083,N
Cust3176,Y
Cust25829,N
Cust22272,N
Cust30368,N
Cust29023,N
Cust5084,Y
Cust19714,N
Cust26502,N
Cust37833,N
Cust22208,Y
Cust35823,N
Cust13606,N
Cust38829,N
Cust14497,N
Cust11485,N
Cust32260,N
Cust30788,N
Cust7771,Y
Cust29457,Y
Cust10998,N
Cust31749,N
Cust7975,Y
Cust33480,N
Cust14587,N
Cust9583,N
Cust1263,Y
Cust14374,Y
Cust14882,N
Cust35795,N
Cust19375,N
Cust37650,N
Cust33357,N
Cust7990,Y
Cust31060,N
Cust32478,N
Cust34653,N
Cust11191,N
Cust4503,Y
Cust30231,N
Cust3405,Y
Cust38586,N
Cust31456,N
Cust17307,N
Cust6730,Y
Cust23417,N
Cust27047,N
Cust23115,N
Cust23422,N
Cust4647,Y
Cust22308,Y
Cust26602,N
Cust17380,N
Cust26430,N
Cust36852,N
Cust7745,Y
Cust5710,N
Cust14647,N
Cust1859,N
Cust19944,N
Cust12220,N
Cust33262,N
Cust16665,N
Cust11512,N
Cust6001,Y
Cust22893,Y
Cust10845,N
Cust29801,N
Cust7087,Y
Cust17189,N
Cust23426,N
Cust28959,N
Cust7270,Y
Cust37042,N
Cust8573,N
Cust24359,N
Cust38384,N
Cust4664,Y
Cust13261,Y
Cust21574,N
Cust21936,N
Cust1415,N
Cust23873,N
Cust11155,N
Cust9758,N
Cust37361,N
Cust38398,N
Cust15841,N
Cust5446,Y
Cust37080,N
Cust3916,Y
Cust16475,N
Cust24014,N
Cust7902,Y
Cust6068,Y
Cust20040,N
Cust6847,Y
Cust11367,N
Cust26250,N
Cust23901,N
Cust23876,N
Cust31650,N
Cust15370,N
Cust34440,N
Cust35875,N
Cust21920,Y
Cust19975,N
Cust36393,N
Cust24828,N
Cust18691,Y
Cust36999,N
Cust19477,N
Cust2841,Y
Cust22638,Y
Cust26767,N
Cust1264,N
Cust13938,N
Cust5041,Y
Cust29625,N
Cust6820,Y
Cust6860,Y
Cust33992,N
Cust4066,Y
Cust22083,Y
Cust25543,N
Cust3901,N
Cust19628,N
Cust16625,N
Cust9422,Y
Cust17622,N
Cust1792,Y
Cust10296,N
Cust37448,N
Cust7002,Y
Cust9107,N
Cust20154,N
Cust23004,N
Cust14438,Y
Cust19239,N
Cust33156,N
Cust12680,N
Cust14998,N
Cust38882,N
Cust36470,N
Cust16155,N
Cust18772,Y
Cust4420,N
Cust13922,N
Cust33926,N
Cust35481,N
Cust38791,N
Cust14487,N
Cust4910,Y
Cust17248,N
Cust37587,N
Cust30833,N
Cust23079,N
Cust13573,N
Cust12969,Y
Cust4444,N
Cust33755,Y
Cust13835,N
Cust15773,N
Cust21822,N
Cust31508,N
Cust3165,Y
Cust24906,N
Cust16734,Y
Cust18116,Y
Cust10750,N
Cust4788,Y
Cust1439,N
Cust6496,Y
Cust9122,N
Cust36667,N
Cust29053,N
Cust1921,N
Cust29676,N
Cust2599,Y
Cust11178,Y
Cust14754,N
Cust2989,Y
Cust35393,N
Cust3564,N
Cust34720,N
Cust39035,N
Cust1650,Y
Cust21548,N
Cust36736,N
Cust27753,N
Cust13309,Y
Cust21263,N
Cust35770,N
Cust3494,Y
Cust30829,N
Cust4031,Y
Cust35004,N
Cust32875,N
Cust28740,N
Cust16196,N
Cust5427,Y
Cust30730,N
Cust5004,Y
Cust37594,N
Cust12846,N
Cust23827,N
Cust37612,N
Cust38698,N
Cust6287,Y
Cust31880,N
Cust25040,N
Cust28480,N
Cust4658,Y
Cust18104,Y
Cust15381,N
Cust2660,N
Cust4375,Y
Cust31113,N
Cust21916,Y
Cust30410,N
Cust27785,N
Cust9853,N
Cust7602,Y
Cust15508,N
Cust28802,N
Cust17284,N
Cust17816,N
Cust15131,N
Cust20297,N
Cust34429,N
Cust25258,N
Cust26218,N
Cust21568,N
Cust15273,N
Cust10636,Y
Cust36935,N
Cust36302,N
Cust35271,N
Cust23042,N
Cust3533,Y
Cust24124,N
Cust5816,Y
Cust20614,N
Cust17659,N
Cust31653,N
Cust33223,N
Cust22975,N
Cust26345,N
Cust4947,Y
Cust26068,Y
Cust29375,Y
Cust31675,N
Cust28302,N
Cust7405,Y
Cust28826,N
Cust37021,N
Cust5725,Y
Cust1178,N
Cust15971,N
Cust38594,N
Cust16592,N
Cust37886,N
Cust10513,N
Cust14562,N
Cust10536,N
Cust24000,N
Cust27024,N
Cust31313,N
Cust29641,N
Cust5975,Y
Cust4713,Y
Cust9193,N
Cust24052,N
Cust28724,N
Cust4169,Y
Cust9236,N
Cust31948,N
Cust38708,N
Cust15566,N
Cust19599,N
Cust29479,N
Cust35677,N
Cust24143,N
Cust22169,Y
Cust3583,N
Cust9199,N
Cust27879,N
Cust20377,Y
Cust39203,N
Cust7671,Y
Cust30060,N
Cust14063,N
Cust15009,N
Cust8098,Y
Cust18334,Y
Cust18684,Y
Cust36909,N
Cust23182,N
Cust33925,N
Cust8677,N
Cust2834,N
Cust8781,N
Cust33271,N
Cust35917,N
Cust26511,N
Cust34586,N
Cust16552,N
Cust9302,Y
Cust38710,N
Cust22258,Y
Cust14586,N
Cust35931,N
Cust14160,N
Cust39065,N
Cust35645,N
Cust19354,N
Cust37963,N
Cust29782,N
Cust14975,N
Cust25344,N
Cust10538,N
Cust23757,N
Cust25570,N
Cust25362,N
Cust21246,N
Cust27851,N
Cust38636,N
Cust38407,N
Cust25251,N
Cust19635,N
Cust15697,N
Cust29839,N
Cust36689,Y
Cust4172,Y
Cust13248,N
Cust10801,N
Cust27251,N
Cust8353,N
Cust9151,N
Cust12387,N
Cust4212,Y
Cust18867,Y
Cust39426,N
Cust12662,N
Cust23577,N
Cust5238,Y
Cust18968,N
Cust1889,N
Cust35632,N
Cust38144,N
Cust6636,Y
Cust19034,N
Cust12564,N
Cust1269,Y
Cust13237,N
Cust16041,N
Cust14139,N
Cust28208,Y
Cust3509,Y
Cust10526,N
Cust14811,N
Cust6289,Y
Cust1104,N
Cust17357,N
Cust30516,N
Cust4161,N
Cust25575,N
Cust38616,N
Cust1569,N
Cust15464,N
Cust17536,Y
Cust9885,N
Cust28118,N
Cust20529,N
Cust24570,N
Cust26938,N
Cust36746,N
Cust21825,N
Cust33957,N
Cust11795,Y
Cust33174,N
Cust1643,N
Cust19735,N
Cust23177,N
Cust24429,N
Cust20930,N
Cust9633,N
Cust1036,Y
Cust35496,N
Cust28410,N
Cust33966,N
Cust34678,N
Cust31924,N
Cust37424,N
Cust14914,N
Cust13686,N
Cust38295,N
Cust36403,N
Cust12070,N
Cust13109,N
Cust6339,Y
Cust4852,N
Cust14553,N
Cust9778,N
Cust2064,Y
Cust14743,N
Cust14995,N
Cust13610,N
Cust22341,Y
Cust37325,N
Cust14486,N
Cust31217,N
Cust7435,Y
Cust5715,Y
Cust30316,N
Cust26973,N
Cust10032,N
Cust16107,N
Cust34663,N
Cust25743,N
Cust23616,N
Cust33275,N
Cust27341,N
Cust32071,N
Cust10404,N
Cust19198,N
Cust38330,N
Cust22461,Y
Cust20755,N
Cust28023,Y
Cust4459,N
Cust31937,N
Cust25666,N
Cust35907,N
Cust3341,Y
Cust4329,Y
Cust23309,N
Cust1560,N
Cust22745,Y
Cust16484,N
Cust18052,Y
Cust19711,N
Cust2125,Y
Cust27748,N
Cust33838,N
Cust23890,N
Cust5357,N
Cust36097,N
Cust21998,N
Cust14776,N
Cust29199,N
Cust5802,Y
Cust6374,Y
Cust21432,N
Cust11574,N
Cust7332,N
Cust36990,N
Cust27742,N
Cust13096,N
Cust12724,N
Cust36208,N
Cust16879,N
Cust37382,Y
Cust13879,N
Cust15614,N
Cust20474,N
Cust22742,Y
Cust27196,N
Cust32095,N
Cust31175,N
Cust5376,Y
Cust3188,N
Cust3539,N
Cust20333,N
Cust23917,N
Cust23073,N
Cust11058,N
Cust34332,N
Cust30296,N
Cust15641,N
Cust10201,Y
Cust12867,N
Cust32532,N
Cust28647,Y
Cust38395,N
Cust19557,N
Cust22199,Y
Cust2404,N
Cust36619,N
Cust14405,N
Cust35236,Y
Cust2532,Y
Cust31267,N
Cust26528,N
Cust34281,N
Cust31785,N
Cust23265,N
Cust39353,N
Cust36653,N
Cust30842,N
Cust36010,N
Cust4358,Y
Cust12849,N
Cust6522,Y
Cust23880,N
Cust16270,N
Cust8311,N
Cust11767,Y
Cust26760,N
Cust24436,N
Cust15682,N
Cust8134,N
Cust12028,Y
Cust22421,Y
Cust9760,Y
Cust3922,Y
Cust3406,Y
Cust22018,Y
Cust35612,N
Cust20594,N
Cust7279,Y
Cust21336,N
Cust23759,N
Cust17815,N
Cust6661,Y
Cust3357,N
Cust38053,N
Cust10837,N
Cust24939,N
Cust32452,N
Cust6670,N
Cust6184,N
Cust31571,N
Cust31633,N
Cust31788,N
Cust23991,Y
Cust8601,N
Cust30354,N
Cust34033,N
Cust13847,N
Cust19778,N
Cust21310,N
Cust23632,N
Cust22456,Y
Cust4899,Y
Cust10622,N
Cust9261,Y
Cust25660,N
Cust24978,N
Cust1504,N
Cust6922,Y
Cust26858,N
Cust26329,N
Cust10963,N
Cust10967,Y
Cust25028,Y
Cust17496,N
Cust9883,N
Cust4000,Y
Cust26614,N
Cust33780,N
Cust25106,N
Cust14768,N
Cust7486,Y
Cust24206,N
Cust29848,N
Cust29054,N
Cust7819,Y
Cust19696,N
Cust16040,N
Cust16588,N
Cust32003,N
Cust15497,N
Cust23931,N
Cust20787,N
Cust4394,Y
Cust30671,N
Cust6580,Y
Cust37191,N
Cust23370,N
Cust11857,Y
Cust6360,Y
Cust29807,N
Cust34100,N
Cust15519,N
Cust23609,N
Cust24586,N
Cust14677,N
Cust38942,N
Cust14930,N
Cust13649,N
Cust28363,N
Cust32978,N
Cust25434,N
Cust28259,N
Cust10929,N
Cust4176,Y
Cust8847,N
Cust23618,Y
Cust34207,N
Cust23637,N
Cust13190,Y
Cust4190,Y
Cust37251,N
Cust8126,N
Cust3526,Y
Cust27705,N
Cust24122,N
Cust5076,Y
Cust18420,Y
Cust30908,N
Cust27783,N
Cust27423,N
Cust29863,N
Cust33978,N
Cust22897,Y
Cust3301,Y
Cust2082,Y
Cust16437,Y
Cust5979,Y
Cust6290,Y
Cust4211,Y
Cust13745,N
Cust9993,N
Cust5767,N
Cust22410,Y
Cust12051,Y
Cust3231,N
Cust2023,Y
Cust4331,N
Cust37695,N
Cust36665,N
Cust28043,Y
Cust22255,Y
Cust31605,N
Cust6906,N
Cust30890,N
Cust37688,N
Cust21726,N
Cust26138,N
Cust21462,N
Cust5507,N
Cust28211,N
Cust23035,N
Cust23794,Y
Cust33091,N
Cust2962,N
Cust22842,Y
Cust4123,Y
Cust35362,Y
Cust16876,N
Cust19064,N
Cust30422,N
Cust25197,N
Cust8293,Y
Cust24571,N
Cust27276,N
Cust2089,N
Cust12871,N
Cust6340,Y
Cust4386,N
Cust4261,Y
Cust35593,N
Cust37721,N
Cust34145,N
Cust11251,N
Cust13095,N
Cust23293,N
Cust9753,N
Cust27512,N
Cust18386,Y
Cust18675,Y
Cust17509,N
Cust25539,N
Cust35670,N
Cust12068,N
Cust34221,N
Cust18554,Y
Cust34013,N
Cust9301,N
Cust9095,Y
Cust8811,N
Cust9933,N
Cust36557,N
Cust22336,Y
Cust24913,N
Cust28307,N
Cust17494,N
Cust7445,Y
Cust8381,N
Cust24777,N
Cust14375,Y
Cust3951,Y
Cust25365,N
Cust31747,N
Cust9744,N
Cust7115,Y
Cust6350,Y
Cust6590,Y
Cust11202,N
Cust24945,N
Cust34617,N
Cust15546,N
Cust1880,N
Cust34157,N
Cust12109,N
Cust6603,Y
Cust18927,Y
Cust15226,N
Cust12336,Y
Cust12723,N
Cust36761,N
Cust35992,N
Cust23620,N
Cust18620,Y
Cust12551,N
Cust25646,N
Cust32793,Y
Cust13107,N
Cust21799,N
Cust25284,N
Cust31551,N
Cust10319,N
Cust38134,N
Cust33190,N
Cust15935,N
Cust27960,N
Cust37998,N
Cust20768,N
Cust1510,N
Cust23094,Y
Cust17525,N
Cust17240,N
Cust18977,N
Cust34895,N
Cust27650,N
Cust35882,Y
Cust33909,N
Cust23732,N
Cust38888,N
Cust17798,N
Cust3795,Y
Cust15233,N
Cust25287,N
Cust17762,N
Cust17034,N
Cust29602,N
Cust21481,N
Cust15182,N
Cust28201,N
Cust15920,N
Cust20515,N
Cust36414,N
Cust19420,N
Cust26585,N
Cust15973,N
Cust39258,N
Cust36708,N
Cust38688,N
Cust37163,N
Cust13908,N
Cust31040,N
Cust31361,N
Cust16843,N
Cust20284,N
Cust29632,N
Cust31055,Y
Cust14151,N
Cust20952,N
Cust23067,N
Cust8253,Y
Cust37908,N
Cust23109,N
Cust2764,Y
Cust35448,N
Cust6863,Y
Cust3203,Y
Cust19425,N
Cust11448,N
Cust26340,N
Cust16967,Y
Cust14333,Y
Cust38112,N
Cust16971,N
Cust27847,N
Cust22039,Y
Cust18656,N
Cust28135,N
Cust12924,N
Cust15297,Y
Cust30198,N
Cust39362,N
Cust35806,Y
Cust30137,N
Cust37609,N
Cust17418,N
Cust4502,Y
Cust20357,N
Cust28735,N
Cust15042,N
Cust11194,N
Cust39225,N
Cust22997,N
Cust6600,N
Cust33612,N
Cust15123,Y
Cust2176,Y
Cust31052,N
Cust38536,N
Cust9952,N
Cust33705,N
Cust14862,N
Cust10544,Y
Cust23161,N
Cust19285,N
Cust18575,Y
Cust20309,N
Cust39411,N
Cust22036,Y
Cust24318,N
Cust3506,Y
Cust25336,N
Cust36963,N
Cust3899,Y
Cust15677,N
Cust16765,N
Cust33224,N
Cust19028,N
Cust23883,N
Cust26314,N
Cust17650,N
Cust4289,Y
Cust1607,N
Cust39485,Y
Cust32977,N
Cust8140,N
Cust29129,N
Cust3002,N
Cust7068,Y
Cust6757,Y
Cust28911,N
Cust16122,Y
Cust19391,N
Cust6910,Y
Cust5540,Y
Cust36721,Y
Cust11946,N
Cust1276,N
Cust35796,N
Cust39256,N
Cust25446,N
Cust2947,Y
Cust2371,Y
Cust7932,Y
Cust12107,N
Cust33035,N
Cust3512,Y
Cust13620,N
Cust3436,Y
Cust33858,N
Cust16576,N
Cust38697,N
Cust2271,Y
Cust24200,N
Cust6948,Y
Cust11047,N
Cust29119,N
Cust6082,Y
Cust35301,N
Cust10190,Y
Cust21311,N
Cust20256,N
Cust8102,Y
Cust15634,N
Cust29436,N
Cust10945,N
Cust30248,N
Cust16809,Y
Cust5353,Y
Cust2193,Y
Cust12721,N
Cust15964,N
Cust16924,N
Cust10539,N
Cust8180,N
Cust1791,N
Cust4084,Y
Cust9557,N
Cust32370,N
Cust4348,Y
Cust16442,N
Cust11197,N
Cust16171,Y
Cust27155,N
Cust12580,N
Cust17261,N
Cust34293,N
Cust7759,N
Cust21120,N
Cust1963,N
Cust16462,N
Cust21624,N
Cust18160,Y
Cust7184,Y
Cust15660,N
Cust4824,Y
Cust7937,Y
Cust23440,N
Cust21902,N
Cust14873,N
Cust22964,N
Cust3025,Y
Cust14719,N
Cust34343,N
Cust28874,N
Cust7833,N
Cust23204,N
Cust18099,Y
Cust22435,Y
Cust21282,N
Cust12224,N
Cust28256,N
Cust16584,N
Cust24822,N
Cust6119,N
Cust27124,Y
Cust20566,N
Cust15812,N
Cust13614,N
Cust37212,Y
Cust34430,N
Cust8769,N
Cust2653,Y
Cust14400,Y
Cust2222,Y
Cust32649,N
Cust13078,N
Cust29773,N
Cust8499,N
Cust23069,N
Cust9646,N
Cust28843,N
Cust2847,Y
Cust27932,N
Cust31581,N
Cust24851,N
Cust22949,N
Cust17724,N
Cust38525,N
Cust14429,Y
Cust24391,N
Cust12504,N
Cust30515,N
Cust21153,N
Cust5011,Y
Cust8993,N
Cust31566,N
Cust36643,N
Cust29821,N
Cust36083,N
Cust19111,Y
Cust13859,N
Cust20275,N
Cust29981,N
Cust34310,N
Cust11352,N
Cust22665,Y
Cust32731,N
Cust13587,N
Cust27438,N
Cust7982,Y
Cust9076,N
Cust29959,Y
Cust27259,N
Cust37520,N
Cust26634,N
Cust5938,Y
Cust21216,N
Cust28021,N
Cust14334,Y
Cust27345,N
Cust20049,N
Cust26379,N
Cust17212,N
Cust5465,Y
Cust18878,Y
Cust26077,N
Cust10603,N
Cust28386,N
Cust33325,N
Cust30645,N
Cust29688,N
Cust4308,Y
Cust1609,N
Cust22191,Y
Cust28102,N
Cust3431,Y
Cust20719,N
Cust29265,N
Cust34338,N
Cust25764,N
Cust3898,Y
Cust11424,N
Cust12838,N
Cust10501,N
Cust25786,N
Cust28387,N
Cust9494,Y
Cust8684,N
Cust27643,N
Cust9857,N
Cust6614,Y
Cust32167,N
Cust7857,N
Cust21349,N
Cust22201,Y
Cust20430,N
Cust17909,N
Cust20402,N
Cust32041,N
Cust34290,Y
Cust4106,Y
Cust19716,N
Cust37108,Y
Cust16697,Y
Cust31560,N
Cust2387,Y
Cust2413,Y
Cust5922,Y
Cust25138,N
Cust33892,N
Cust12037,N
Cust35088,N
Cust15679,N
Cust37244,N
Cust29111,N
Cust27513,Y
Cust12929,N
Cust4167,Y
Cust6692,Y
Cust18640,N
Cust28147,N
Cust35918,N
Cust27451,N
Cust10162,N
Cust14734,N
Cust7141,Y
Cust8535,N
Cust32580,N
Cust14206,N
Cust5192,Y
Cust24683,Y
Cust39276,N
Cust28075,N
Cust31138,N
Cust33951,N
Cust30767,N
Cust13051,Y
Cust14169,N
Cust21659,N
Cust14103,N
Cust9433,Y
Cust26536,N
Cust24541,N
Cust4646,Y
Cust32393,N
Cust30518,N
Cust37750,N
Cust11996,N
Cust22338,Y
Cust13034,Y
Cust27185,N
Cust31198,N
Cust11515,N
Cust34156,N
Cust20773,N
Cust21398,N
Cust28615,N
Cust20337,Y
Cust9734,N
Cust16176,Y
Cust13623,N
Cust38527,N
Cust6443,Y
Cust1401,N
Cust37034,Y
Cust34602,N
Cust18990,N
Cust5874,Y
Cust9905,N
Cust9675,N
Cust22552,Y
Cust17654,N
Cust2977,N
Cust30212,N
Cust13338,N
Cust27944,N
Cust9163,N
Cust15575,N
Cust7124,Y
Cust19738,N
Cust23538,N
Cust16947,N
Cust8690,N
Cust10796,N
Cust6372,Y
Cust31641,N
Cust14156,N
Cust25175,N
Cust24061,N
Cust24315,N
Cust4756,Y
Cust18520,Y
Cust38998,N
Cust19468,N
Cust29707,N
Cust12342,N
Cust24262,N
Cust29901,N
Cust11304,Y
Cust34897,N
Cust39044,N
Cust31724,N
Cust27133,Y
Cust10150,N
Cust11380,N
Cust27314,N
Cust34397,N
Cust36112,N
Cust26207,N
Cust32103,N
Cust15012,N
Cust5635,Y
Cust14243,Y
Cust5556,Y
Cust16258,N
Cust2513,Y
Cust5128,Y
Cust15592,N
Cust16530,N
Cust24928,N
Cust12513,N
Cust23866,N
Cust17453,N
Cust22859,Y
Cust4864,Y
Cust4032,Y
Cust10610,N
Cust30030,N
Cust28722,N
Cust28750,Y
Cust17107,N
Cust26873,N
Cust25642,N
Cust38345,N
Cust2303,Y
Cust32443,N
Cust19539,N
Cust34668,N
Cust15089,N
Cust30736,N
Cust36119,N
Cust17743,N
Cust13149,N
Cust19832,N
Cust21381,N
Cust35511,N
Cust19131,N
Cust10028,N
Cust37838,N
Cust20837,N
Cust32609,N
Cust13921,N
Cust2245,N
Cust15213,N
Cust38777,N
Cust26349,N
Cust35978,N
Cust19399,N
Cust31974,N
Cust33525,N
Cust1761,N
Cust12906,N
Cust30063,N
Cust21394,N
Cust4573,Y
Cust6440,Y
Cust6877,Y
Cust21277,N
Cust18374,N
Cust31261,N
Cust12013,N
Cust24449,N
Cust6973,Y
Cust22175,N
Cust13193,N
Cust1088,N
Cust39019,N
Cust26308,N
Cust25563,N
Cust7033,N
Cust33142,N
Cust10348,N
Cust12351,N
Cust28092,N
Cust8838,N
Cust34790,N
Cust20582,N
Cust1446,Y
Cust27009,N
Cust31505,Y
Cust38447,Y
Cust9718,N
Cust22197,Y
Cust3094,Y
Cust9865,N
Cust35924,N
Cust1659,N
Cust33452,N
Cust8230,N
Cust29279,N
Cust35082,N
Cust24800,N
Cust23104,N
Cust5619,Y
Cust8238,N
Cust14275,Y
Cust39131,N
Cust39088,N
Cust30406,N
Cust29889,N
Cust18671,N
Cust31234,N
Cust27758,N
Cust34276,N
Cust2728,Y
Cust4603,N
Cust16000,Y
Cust2830,Y
Cust26816,N
Cust31680,Y
Cust18787,Y
Cust31269,N
Cust3914,Y
Cust2914,N
Cust8780,N
Cust25356,N
Cust12393,N
Cust37499,N
Cust1747,N
Cust7114,Y
Cust1800,N
Cust21267,N
Cust22451,Y
Cust7289,Y
Cust37551,N
Cust32472,N
Cust22535,Y
Cust10200,Y
Cust14563,N
Cust37331,Y
Cust5124,Y
Cust32531,N
Cust38957,N
Cust30358,N
Cust2106,Y
Cust12440,N
Cust14096,N
Cust28051,Y
Cust14907,N
Cust36865,N
Cust12303,N
Cust5487,Y
Cust18360,Y
Cust14008,N
Cust6763,Y
Cust4281,Y
Cust37491,N
Cust35853,N
Cust20525,N
Cust16192,N
Cust38765,N
Cust31632,N
Cust24915,N
Cust38152,N
Cust37769,N
Cust19518,N
Cust21690,N
Cust33431,N
Cust23942,N
Cust32859,N
Cust18996,N
Cust39341,N
Cust22099,Y
Cust16525,N
Cust28462,N
Cust38189,N
Cust17312,N
Cust38742,N
Cust34235,N
Cust24275,N
Cust3685,Y
Cust20135,N
Cust28165,N
Cust35058,N
Cust16335,N
Cust1311,Y
Cust38290,N
Cust36625,N
Cust13162,Y
Cust10009,N
Cust21224,N
Cust19417,N
Cust16055,N
Cust23290,N
Cust25727,N
Cust34851,N
Cust4337,Y
Cust13831,N
Cust13967,N
Cust2278,N
Cust1610,N
Cust28418,N
Cust12616,N
Cust31310,N
Cust12541,N
Cust28298,N
Cust28495,N
Cust19821,N
Cust7664,Y
Cust31203,N
Cust18451,Y
Cust3757,Y
Cust25816,Y
Cust39412,N
Cust28306,N
Cust2406,Y
Cust6281,Y
Cust36445,N
Cust20634,N
Cust19584,N
Cust36539,N
Cust3734,Y
Cust35631,N
Cust21854,N
Cust38251,N
Cust20653,N
Cust35766,N
Cust20551,N
Cust27130,N
Cust30623,N
Cust9045,N
Cust3043,Y
Cust23233,N
Cust8950,N
Cust2586,Y
Cust7004,Y
Cust24476,N
Cust13619,N
Cust16279,N
Cust7963,Y
Cust17327,N
Cust11168,N
Cust15065,N
Cust14360,Y
Cust7319,N
Cust38069,N
Cust28331,N
Cust36481,N
Cust33497,N
Cust3667,Y
Cust17112,N
Cust18108,Y
Cust6163,N
Cust38236,N
Cust38281,N
Cust15286,Y
Cust5650,Y
Cust17990,Y
Cust3092,Y
Cust33308,N
Cust26801,N
Cust23861,N
Cust3556,Y
Cust12196,N
Cust8767,N
Cust9945,N
Cust6947,Y
Cust9966,N
Cust19405,N
Cust38852,N
Cust1716,Y
Cust7866,Y
Cust4165,N
Cust36955,N
Cust23327,N
Cust2054,Y
Cust33058,N
Cust35527,Y
Cust4019,Y
Cust2955,Y
Cust39277,Y
Cust21675,N
Cust36428,N
Cust1113,N
Cust22008,Y
Cust11068,N
Cust37175,N
Cust3708,Y
Cust28942,N
Cust10825,Y
Cust15116,N
Cust15762,N
Cust10732,N
Cust30511,N
Cust3635,Y
Cust9839,N
Cust21610,N
Cust35802,Y
Cust19804,N
Cust14058,N
Cust38760,N
Cust25044,N
Cust6537,Y
Cust6812,Y
Cust26358,N
Cust24843,N
Cust37670,N
Cust8473,Y
Cust25283,N
Cust37681,N
Cust5621,Y
Cust2416,Y
Cust19127,N
Cust15983,N
Cust39054,N
Cust37548,N
Cust4238,Y
Cust32092,N
Cust15421,N
Cust14061,N
Cust16870,N
Cust35618,N
Cust2253,Y
Cust1796,N
Cust4074,Y
Cust5711,Y
Cust13101,N
Cust19307,Y
Cust1477,Y
Cust17771,N
Cust20389,N
Cust11807,Y
Cust17857,N
Cust16807,Y
Cust2281,Y
Cust4013,Y
Cust25823,N
Cust38287,N
Cust5371,Y
Cust6839,Y
Cust20740,N
Cust17586,N
Cust24294,N
Cust20229,N
Cust29518,N
Cust13179,N
Cust15958,N
Cust39304,N
Cust4495,N
Cust12999,N
Cust9714,N
Cust29558,N
Cust16523,N
Cust1180,N
Cust13276,N
Cust38682,N
Cust2627,N
Cust10743,N
Cust29642,N
Cust24904,Y
Cust3586,Y
Cust39026,Y
Cust13732,N
Cust21491,N
Cust32163,N
Cust14935,N
Cust23993,N
Cust5512,Y
Cust32708,Y
Cust26927,N
Cust22700,Y
Cust8474,N
Cust23318,N
Cust5676,Y
Cust24135,N
Cust16352,N
Cust21909,N
Cust11434,N
Cust30564,N
Cust12847,N
Cust24477,N
Cust21674,N
Cust21416,N
Cust10053,N
Cust33129,N
Cust12009,N
Cust20867,N
Cust33706,N
Cust16754,N
Cust23429,N
Cust12735,N
Cust19933,N
Cust13844,N
Cust35050,N
Cust4773,Y
Cust23717,N
Cust1386,N
Cust22918,Y
Cust19743,N
Cust38943,N
Cust12845,Y
Cust24516,N
Cust28474,N
Cust27406,N
Cust26201,N
Cust17129,N
Cust11313,N
Cust7226,N
Cust3718,Y
Cust7624,N
Cust13360,N
Cust12458,N
Cust32036,N
Cust29275,N
Cust16385,N
Cust19548,N
Cust21068,N
Cust6579,Y
Cust1339,N
Cust29826,Y
Cust9912,N
Cust17295,N
Cust33823,N
Cust23477,N
Cust21556,N
Cust1018,N
Cust28209,N
Cust8763,N
Cust24949,N
Cust27494,N
Cust36550,N
Cust34841,N
Cust33676,N
Cust39032,N
Cust21745,N
Cust28937,N
Cust29547,N
Cust20425,N
Cust35872,N
Cust28964,N
Cust26241,N
Cust7480,Y
Cust8165,N
Cust21727,N
Cust24390,N
Cust18190,Y
Cust12505,N
Cust28343,Y
Cust37420,N
Cust31684,N
Cust33748,N
Cust18571,N
Cust21780,N
Cust37043,N
Cust37301,N
Cust12172,N
Cust34821,N
Cust18646,Y
Cust24149,N
Cust16454,N
Cust34190,N
Cust22927,N
Cust19639,N
Cust23099,N
Cust25032,N
Cust30310,N
Cust6368,Y
Cust9063,N
Cust15674,N
Cust3440,Y
Cust17157,N
Cust20588,N
Cust2926,Y
Cust37172,N
Cust11175,N
Cust33302,N
Cust22287,Y
Cust2138,N
Cust14471,Y
Cust6912,Y
Cust38476,N
Cust7712,N
Cust30224,N
Cust11833,Y
Cust2533,Y
Cust24126,N
Cust19473,N
Cust20178,Y
Cust6680,Y
Cust26137,N
Cust21781,N
Cust32145,Y
Cust21846,N
Cust1853,N
Cust14067,N
Cust37391,N
Cust27670,Y
Cust17148,N
Cust18865,N
Cust29883,N
Cust33056,N
Cust4085,Y
Cust31059,Y
Cust29282,N
Cust20572,N
Cust14015,Y
Cust28253,N
Cust28590,N
Cust38077,Y
Cust39165,N
Cust21658,N
Cust36928,Y
Cust3458,Y
Cust5514,Y
Cust36347,N
Cust9502,N
Cust7729,Y
Cust27886,N
Cust18314,N
Cust3248,Y
Cust18023,Y
Cust24817,N
Cust38326,N
Cust12302,N
Cust13413,N
Cust11925,N
Cust34710,N
Cust10900,N
Cust14357,Y
Cust4426,Y
Cust31286,N
Cust11073,N
Cust17369,Y
Cust7977,Y
Cust2174,Y
Cust33508,N
Cust7017,Y
Cust12946,N
Cust10222,N
Cust21367,N
Cust2568,Y
Cust21964,N
Cust14167,N
Cust11577,N
Cust12689,Y
Cust16994,N
Cust38548,N
Cust24584,N
Cust2714,N
Cust16263,N
Cust38127,N
Cust3172,Y
Cust1434,N
Cust37437,N
Cust35205,N
Cust32305,N
Cust21740,N
Cust24146,N
Cust30891,N
Cust21784,N
Cust24435,N
Cust37968,N
Cust15053,N
Cust31987,N
Cust2971,Y
Cust6701,Y
Cust3156,Y
Cust22690,Y
Cust3733,Y
Cust9584,N
Cust17580,N
Cust14440,N
Cust18366,Y
Cust8798,N
Cust24013,N
Cust16990,N
Cust12492,N
Cust35012,N
Cust28830,N
Cust31837,N
Cust17136,N
Cust25424,N
Cust28241,N
Cust22741,Y
Cust19312,N
Cust22675,Y
Cust16164,N
Cust16355,N
Cust3109,Y
Cust29485,N
Cust20938,N
Cust23871,N
Cust23151,Y
Cust38149,N
Cust23783,N
Cust4305,N
Cust28290,N
Cust17655,N
Cust17068,N
Cust26074,N
Cust17302,N
Cust29131,N
Cust21733,N
Cust2224,Y
Cust19003,N
Cust13181,N
Cust11735,N
Cust14412,Y
Cust7254,Y
Cust15512,N
Cust4536,Y
Cust25797,N
Cust8893,Y
Cust24930,N
Cust31762,N
Cust24698,N
Cust5092,N
Cust31340,N
Cust5319,Y
Cust30469,Y
Cust20772,N
Cust16032,N
Cust24998,Y
Cust19404,N
Cust24482,N
Cust14029,N
Cust10812,N
Cust38875,N
Cust35636,N
Cust11256,N
Cust28998,N
Cust15321,N
Cust8056,Y
Cust8687,N
Cust19036,N
Cust4392,N
Cust37593,N
Cust29392,N
Cust30235,N
Cust5752,Y
Cust10575,N
Cust3747,Y
Cust18327,Y
Cust7849,N
Cust19409,N
Cust6903,Y
Cust15871,N
Cust9489,N
Cust32803,N
Cust29508,N
Cust34771,N
Cust35332,N
Cust30534,N
Cust10535,N
Cust35721,N
Cust6005,N
Cust25939,Y
Cust13281,Y
Cust38628,N
Cust20954,N
Cust7810,Y
Cust35629,N
Cust30424,Y
Cust17342,N
Cust15675,N
Cust33503,N
Cust25186,N
Cust17703,N
Cust23269,N
Cust17042,N
Cust7203,Y
Cust17864,N
Cust9485,N
Cust27801,N
Cust6497,Y
Cust29299,N
Cust6699,Y
Cust25691,N
Cust18383,Y
Cust8055,Y
Cust31694,N
Cust6694,Y
Cust27509,N
Cust30128,N
Cust10807,N
Cust18103,Y
Cust1357,N
Cust28240,N
Cust35194,N
Cust38873,N
Cust28947,N
Cust11176,N
Cust26739,N
Cust2747,Y
Cust39239,N
Cust31668,N
Cust33661,N
Cust7722,N
Cust10098,Y
Cust23396,N
Cust24863,N
Cust22798,Y
Cust8985,N
Cust34800,N
Cust33905,N
Cust28892,N
Cust15683,N
Cust24764,N
Cust21677,N
Cust37730,N
Cust21577,N
Cust30777,N
Cust16667,N
Cust31945,Y
Cust38311,N
Cust32637,N
Cust32376,N
Cust10266,N
Cust2461,N
Cust4484,Y
Cust21755,N
Cust5387,Y
Cust38372,Y
Cust35119,N
Cust32782,N
Cust35504,N
Cust31617,N
Cust30881,N
Cust29329,N
Cust14389,Y
Cust23945,N
Cust33870,N
Cust24258,N
Cust15494,N
Cust16531,N
Cust20131,N
Cust27231,N
Cust34641,N
Cust30096,N
Cust11396,N
Cust24177,Y
Cust17264,N
Cust6186,Y
Cust27567,N
Cust16111,N
Cust37392,N
Cust27408,N
Cust38202,N
Cust36647,N
Cust17511,N
Cust27649,N
Cust37665,N
Cust29876,N
Cust17657,N
Cust14090,N
Cust6037,Y
Cust19359,N
Cust17574,N
Cust30028,N
Cust29174,N
Cust39346,N
Cust26667,N
Cust25102,N
Cust27750,N
Cust23128,N
Cust19688,N
Cust34595,N
Cust14723,N
Cust33340,N
Cust31239,N
Cust13718,N
Cust17255,N
Cust26494,N
Cust31378,N
Cust2956,Y
Cust32186,N
Cust4093,Y
Cust4339,N
Cust25720,N
Cust2112,Y
Cust34736,N
Cust6348,N
Cust2285,N
Cust28010,Y
Cust29439,N
Cust4880,Y
Cust19202,N
Cust6263,Y
Cust32197,N
Cust24878,N
Cust11034,N
Cust32876,N
Cust20513,N
Cust31194,N
Cust14502,N
Cust34871,N
Cust14009,N
Cust11239,N
Cust29313,N
Cust7210,Y
Cust5539,Y
Cust30629,N
Cust34892,N
Cust17205,N
Cust31517,N
Cust29078,N
Cust13387,N
Cust33384,N
Cust18966,N
Cust26656,N
Cust34530,N
Cust3028,N
Cust30466,N
Cust21917,N
Cust21895,N
Cust38085,Y
Cust35820,N
Cust34026,N
Cust13998,N
Cust3820,N
Cust14222,N
Cust11422,N
Cust19988,N
Cust14825,N
Cust20414,N
Cust1925,N
Cust32379,N
Cust10785,N
Cust29766,N
Cust34258,N
Cust28181,N
Cust19272,N
Cust27992,N
Cust17022,N
Cust8521,N
Cust14291,Y
Cust16787,Y
Cust3875,Y
Cust17521,N
